module_id	gene_symbol	source_relative_path	source_SHA256	lock_revision	selection_basis
patterning_arealization	BMP4	03_processed_data/transcriptomics/BrainSpan/DTHI_seed_modules/dthi_seed_gene_matching.tsv	8090fdea9df67a2626dc40c4ff6a9650d25fbdc1d2fa01d8accf84b4db125955	phase10A_R1	Pre-existing canonical Phase 1 DTHI seed-gene definition
patterning_arealization	BMP7	03_processed_data/transcriptomics/BrainSpan/DTHI_seed_modules/dthi_seed_gene_matching.tsv	8090fdea9df67a2626dc40c4ff6a9650d25fbdc1d2fa01d8accf84b4db125955	phase10A_R1	Pre-existing canonical Phase 1 DTHI seed-gene definition
patterning_arealization	CTNNB1	03_processed_data/transcriptomics/BrainSpan/DTHI_seed_modules/dthi_seed_gene_matching.tsv	8090fdea9df67a2626dc40c4ff6a9650d25fbdc1d2fa01d8accf84b4db125955	phase10A_R1	Pre-existing canonical Phase 1 DTHI seed-gene definition
patterning_arealization	DKK1	03_processed_data/transcriptomics/BrainSpan/DTHI_seed_modules/dthi_seed_gene_matching.tsv	8090fdea9df67a2626dc40c4ff6a9650d25fbdc1d2fa01d8accf84b4db125955	phase10A_R1	Pre-existing canonical Phase 1 DTHI seed-gene definition
patterning_arealization	EMX1	03_processed_data/transcriptomics/BrainSpan/DTHI_seed_modules/dthi_seed_gene_matching.tsv	8090fdea9df67a2626dc40c4ff6a9650d25fbdc1d2fa01d8accf84b4db125955	phase10A_R1	Pre-existing canonical Phase 1 DTHI seed-gene definition
patterning_arealization	EMX2	03_processed_data/transcriptomics/BrainSpan/DTHI_seed_modules/dthi_seed_gene_matching.tsv	8090fdea9df67a2626dc40c4ff6a9650d25fbdc1d2fa01d8accf84b4db125955	phase10A_R1	Pre-existing canonical Phase 1 DTHI seed-gene definition
patterning_arealization	EOMES	03_processed_data/transcriptomics/BrainSpan/DTHI_seed_modules/dthi_seed_gene_matching.tsv	8090fdea9df67a2626dc40c4ff6a9650d25fbdc1d2fa01d8accf84b4db125955	phase10A_R1	Pre-existing canonical Phase 1 DTHI seed-gene definition
patterning_arealization	FGF17	03_processed_data/transcriptomics/BrainSpan/DTHI_seed_modules/dthi_seed_gene_matching.tsv	8090fdea9df67a2626dc40c4ff6a9650d25fbdc1d2fa01d8accf84b4db125955	phase10A_R1	Pre-existing canonical Phase 1 DTHI seed-gene definition
patterning_arealization	FGF8	03_processed_data/transcriptomics/BrainSpan/DTHI_seed_modules/dthi_seed_gene_matching.tsv	8090fdea9df67a2626dc40c4ff6a9650d25fbdc1d2fa01d8accf84b4db125955	phase10A_R1	Pre-existing canonical Phase 1 DTHI seed-gene definition
patterning_arealization	FGFR1	03_processed_data/transcriptomics/BrainSpan/DTHI_seed_modules/dthi_seed_gene_matching.tsv	8090fdea9df67a2626dc40c4ff6a9650d25fbdc1d2fa01d8accf84b4db125955	phase10A_R1	Pre-existing canonical Phase 1 DTHI seed-gene definition
patterning_arealization	FGFR2	03_processed_data/transcriptomics/BrainSpan/DTHI_seed_modules/dthi_seed_gene_matching.tsv	8090fdea9df67a2626dc40c4ff6a9650d25fbdc1d2fa01d8accf84b4db125955	phase10A_R1	Pre-existing canonical Phase 1 DTHI seed-gene definition
patterning_arealization	FOXG1	03_processed_data/transcriptomics/BrainSpan/DTHI_seed_modules/dthi_seed_gene_matching.tsv	8090fdea9df67a2626dc40c4ff6a9650d25fbdc1d2fa01d8accf84b4db125955	phase10A_R1	Pre-existing canonical Phase 1 DTHI seed-gene definition
patterning_arealization	GLI1	03_processed_data/transcriptomics/BrainSpan/DTHI_seed_modules/dthi_seed_gene_matching.tsv	8090fdea9df67a2626dc40c4ff6a9650d25fbdc1d2fa01d8accf84b4db125955	phase10A_R1	Pre-existing canonical Phase 1 DTHI seed-gene definition
patterning_arealization	GLI2	03_processed_data/transcriptomics/BrainSpan/DTHI_seed_modules/dthi_seed_gene_matching.tsv	8090fdea9df67a2626dc40c4ff6a9650d25fbdc1d2fa01d8accf84b4db125955	phase10A_R1	Pre-existing canonical Phase 1 DTHI seed-gene definition
patterning_arealization	LHX2	03_processed_data/transcriptomics/BrainSpan/DTHI_seed_modules/dthi_seed_gene_matching.tsv	8090fdea9df67a2626dc40c4ff6a9650d25fbdc1d2fa01d8accf84b4db125955	phase10A_R1	Pre-existing canonical Phase 1 DTHI seed-gene definition
patterning_arealization	NR2F1	03_processed_data/transcriptomics/BrainSpan/DTHI_seed_modules/dthi_seed_gene_matching.tsv	8090fdea9df67a2626dc40c4ff6a9650d25fbdc1d2fa01d8accf84b4db125955	phase10A_R1	Pre-existing canonical Phase 1 DTHI seed-gene definition
patterning_arealization	NR2F2	03_processed_data/transcriptomics/BrainSpan/DTHI_seed_modules/dthi_seed_gene_matching.tsv	8090fdea9df67a2626dc40c4ff6a9650d25fbdc1d2fa01d8accf84b4db125955	phase10A_R1	Pre-existing canonical Phase 1 DTHI seed-gene definition
patterning_arealization	OTX1	03_processed_data/transcriptomics/BrainSpan/DTHI_seed_modules/dthi_seed_gene_matching.tsv	8090fdea9df67a2626dc40c4ff6a9650d25fbdc1d2fa01d8accf84b4db125955	phase10A_R1	Pre-existing canonical Phase 1 DTHI seed-gene definition
patterning_arealization	OTX2	03_processed_data/transcriptomics/BrainSpan/DTHI_seed_modules/dthi_seed_gene_matching.tsv	8090fdea9df67a2626dc40c4ff6a9650d25fbdc1d2fa01d8accf84b4db125955	phase10A_R1	Pre-existing canonical Phase 1 DTHI seed-gene definition
patterning_arealization	PAX6	03_processed_data/transcriptomics/BrainSpan/DTHI_seed_modules/dthi_seed_gene_matching.tsv	8090fdea9df67a2626dc40c4ff6a9650d25fbdc1d2fa01d8accf84b4db125955	phase10A_R1	Pre-existing canonical Phase 1 DTHI seed-gene definition
patterning_arealization	SFRP1	03_processed_data/transcriptomics/BrainSpan/DTHI_seed_modules/dthi_seed_gene_matching.tsv	8090fdea9df67a2626dc40c4ff6a9650d25fbdc1d2fa01d8accf84b4db125955	phase10A_R1	Pre-existing canonical Phase 1 DTHI seed-gene definition
patterning_arealization	SHH	03_processed_data/transcriptomics/BrainSpan/DTHI_seed_modules/dthi_seed_gene_matching.tsv	8090fdea9df67a2626dc40c4ff6a9650d25fbdc1d2fa01d8accf84b4db125955	phase10A_R1	Pre-existing canonical Phase 1 DTHI seed-gene definition
patterning_arealization	SMAD1	03_processed_data/transcriptomics/BrainSpan/DTHI_seed_modules/dthi_seed_gene_matching.tsv	8090fdea9df67a2626dc40c4ff6a9650d25fbdc1d2fa01d8accf84b4db125955	phase10A_R1	Pre-existing canonical Phase 1 DTHI seed-gene definition
patterning_arealization	SMAD5	03_processed_data/transcriptomics/BrainSpan/DTHI_seed_modules/dthi_seed_gene_matching.tsv	8090fdea9df67a2626dc40c4ff6a9650d25fbdc1d2fa01d8accf84b4db125955	phase10A_R1	Pre-existing canonical Phase 1 DTHI seed-gene definition
patterning_arealization	SP8	03_processed_data/transcriptomics/BrainSpan/DTHI_seed_modules/dthi_seed_gene_matching.tsv	8090fdea9df67a2626dc40c4ff6a9650d25fbdc1d2fa01d8accf84b4db125955	phase10A_R1	Pre-existing canonical Phase 1 DTHI seed-gene definition
patterning_arealization	TBR1	03_processed_data/transcriptomics/BrainSpan/DTHI_seed_modules/dthi_seed_gene_matching.tsv	8090fdea9df67a2626dc40c4ff6a9650d25fbdc1d2fa01d8accf84b4db125955	phase10A_R1	Pre-existing canonical Phase 1 DTHI seed-gene definition
patterning_arealization	WNT3A	03_processed_data/transcriptomics/BrainSpan/DTHI_seed_modules/dthi_seed_gene_matching.tsv	8090fdea9df67a2626dc40c4ff6a9650d25fbdc1d2fa01d8accf84b4db125955	phase10A_R1	Pre-existing canonical Phase 1 DTHI seed-gene definition
patterning_arealization	WNT7B	03_processed_data/transcriptomics/BrainSpan/DTHI_seed_modules/dthi_seed_gene_matching.tsv	8090fdea9df67a2626dc40c4ff6a9650d25fbdc1d2fa01d8accf84b4db125955	phase10A_R1	Pre-existing canonical Phase 1 DTHI seed-gene definition
patterning_arealization	WNT8B	03_processed_data/transcriptomics/BrainSpan/DTHI_seed_modules/dthi_seed_gene_matching.tsv	8090fdea9df67a2626dc40c4ff6a9650d25fbdc1d2fa01d8accf84b4db125955	phase10A_R1	Pre-existing canonical Phase 1 DTHI seed-gene definition
progenitor_radial_glia	ASCL1	03_processed_data/transcriptomics/BrainSpan/DTHI_seed_modules/dthi_seed_gene_matching.tsv	8090fdea9df67a2626dc40c4ff6a9650d25fbdc1d2fa01d8accf84b4db125955	phase10A_R1	Pre-existing canonical Phase 1 DTHI seed-gene definition
progenitor_radial_glia	AURKB	03_processed_data/transcriptomics/BrainSpan/DTHI_seed_modules/dthi_seed_gene_matching.tsv	8090fdea9df67a2626dc40c4ff6a9650d25fbdc1d2fa01d8accf84b4db125955	phase10A_R1	Pre-existing canonical Phase 1 DTHI seed-gene definition
progenitor_radial_glia	BIRC5	03_processed_data/transcriptomics/BrainSpan/DTHI_seed_modules/dthi_seed_gene_matching.tsv	8090fdea9df67a2626dc40c4ff6a9650d25fbdc1d2fa01d8accf84b4db125955	phase10A_R1	Pre-existing canonical Phase 1 DTHI seed-gene definition
progenitor_radial_glia	DLL1	03_processed_data/transcriptomics/BrainSpan/DTHI_seed_modules/dthi_seed_gene_matching.tsv	8090fdea9df67a2626dc40c4ff6a9650d25fbdc1d2fa01d8accf84b4db125955	phase10A_R1	Pre-existing canonical Phase 1 DTHI seed-gene definition
progenitor_radial_glia	DLL3	03_processed_data/transcriptomics/BrainSpan/DTHI_seed_modules/dthi_seed_gene_matching.tsv	8090fdea9df67a2626dc40c4ff6a9650d25fbdc1d2fa01d8accf84b4db125955	phase10A_R1	Pre-existing canonical Phase 1 DTHI seed-gene definition
progenitor_radial_glia	EOMES	03_processed_data/transcriptomics/BrainSpan/DTHI_seed_modules/dthi_seed_gene_matching.tsv	8090fdea9df67a2626dc40c4ff6a9650d25fbdc1d2fa01d8accf84b4db125955	phase10A_R1	Pre-existing canonical Phase 1 DTHI seed-gene definition
progenitor_radial_glia	FABP7	03_processed_data/transcriptomics/BrainSpan/DTHI_seed_modules/dthi_seed_gene_matching.tsv	8090fdea9df67a2626dc40c4ff6a9650d25fbdc1d2fa01d8accf84b4db125955	phase10A_R1	Pre-existing canonical Phase 1 DTHI seed-gene definition
progenitor_radial_glia	FAM107A	03_processed_data/transcriptomics/BrainSpan/DTHI_seed_modules/dthi_seed_gene_matching.tsv	8090fdea9df67a2626dc40c4ff6a9650d25fbdc1d2fa01d8accf84b4db125955	phase10A_R1	Pre-existing canonical Phase 1 DTHI seed-gene definition
progenitor_radial_glia	HES1	03_processed_data/transcriptomics/BrainSpan/DTHI_seed_modules/dthi_seed_gene_matching.tsv	8090fdea9df67a2626dc40c4ff6a9650d25fbdc1d2fa01d8accf84b4db125955	phase10A_R1	Pre-existing canonical Phase 1 DTHI seed-gene definition
progenitor_radial_glia	HES5	03_processed_data/transcriptomics/BrainSpan/DTHI_seed_modules/dthi_seed_gene_matching.tsv	8090fdea9df67a2626dc40c4ff6a9650d25fbdc1d2fa01d8accf84b4db125955	phase10A_R1	Pre-existing canonical Phase 1 DTHI seed-gene definition
progenitor_radial_glia	HMGB2	03_processed_data/transcriptomics/BrainSpan/DTHI_seed_modules/dthi_seed_gene_matching.tsv	8090fdea9df67a2626dc40c4ff6a9650d25fbdc1d2fa01d8accf84b4db125955	phase10A_R1	Pre-existing canonical Phase 1 DTHI seed-gene definition
progenitor_radial_glia	HOPX	03_processed_data/transcriptomics/BrainSpan/DTHI_seed_modules/dthi_seed_gene_matching.tsv	8090fdea9df67a2626dc40c4ff6a9650d25fbdc1d2fa01d8accf84b4db125955	phase10A_R1	Pre-existing canonical Phase 1 DTHI seed-gene definition
progenitor_radial_glia	JAG1	03_processed_data/transcriptomics/BrainSpan/DTHI_seed_modules/dthi_seed_gene_matching.tsv	8090fdea9df67a2626dc40c4ff6a9650d25fbdc1d2fa01d8accf84b4db125955	phase10A_R1	Pre-existing canonical Phase 1 DTHI seed-gene definition
progenitor_radial_glia	MKI67	03_processed_data/transcriptomics/BrainSpan/DTHI_seed_modules/dthi_seed_gene_matching.tsv	8090fdea9df67a2626dc40c4ff6a9650d25fbdc1d2fa01d8accf84b4db125955	phase10A_R1	Pre-existing canonical Phase 1 DTHI seed-gene definition
progenitor_radial_glia	MOXD1	03_processed_data/transcriptomics/BrainSpan/DTHI_seed_modules/dthi_seed_gene_matching.tsv	8090fdea9df67a2626dc40c4ff6a9650d25fbdc1d2fa01d8accf84b4db125955	phase10A_R1	Pre-existing canonical Phase 1 DTHI seed-gene definition
progenitor_radial_glia	NES	03_processed_data/transcriptomics/BrainSpan/DTHI_seed_modules/dthi_seed_gene_matching.tsv	8090fdea9df67a2626dc40c4ff6a9650d25fbdc1d2fa01d8accf84b4db125955	phase10A_R1	Pre-existing canonical Phase 1 DTHI seed-gene definition
progenitor_radial_glia	NOTCH1	03_processed_data/transcriptomics/BrainSpan/DTHI_seed_modules/dthi_seed_gene_matching.tsv	8090fdea9df67a2626dc40c4ff6a9650d25fbdc1d2fa01d8accf84b4db125955	phase10A_R1	Pre-existing canonical Phase 1 DTHI seed-gene definition
progenitor_radial_glia	NOTCH2	03_processed_data/transcriptomics/BrainSpan/DTHI_seed_modules/dthi_seed_gene_matching.tsv	8090fdea9df67a2626dc40c4ff6a9650d25fbdc1d2fa01d8accf84b4db125955	phase10A_R1	Pre-existing canonical Phase 1 DTHI seed-gene definition
progenitor_radial_glia	PAX6	03_processed_data/transcriptomics/BrainSpan/DTHI_seed_modules/dthi_seed_gene_matching.tsv	8090fdea9df67a2626dc40c4ff6a9650d25fbdc1d2fa01d8accf84b4db125955	phase10A_R1	Pre-existing canonical Phase 1 DTHI seed-gene definition
progenitor_radial_glia	PCNA	03_processed_data/transcriptomics/BrainSpan/DTHI_seed_modules/dthi_seed_gene_matching.tsv	8090fdea9df67a2626dc40c4ff6a9650d25fbdc1d2fa01d8accf84b4db125955	phase10A_R1	Pre-existing canonical Phase 1 DTHI seed-gene definition
progenitor_radial_glia	PROM1	03_processed_data/transcriptomics/BrainSpan/DTHI_seed_modules/dthi_seed_gene_matching.tsv	8090fdea9df67a2626dc40c4ff6a9650d25fbdc1d2fa01d8accf84b4db125955	phase10A_R1	Pre-existing canonical Phase 1 DTHI seed-gene definition
progenitor_radial_glia	SOX1	03_processed_data/transcriptomics/BrainSpan/DTHI_seed_modules/dthi_seed_gene_matching.tsv	8090fdea9df67a2626dc40c4ff6a9650d25fbdc1d2fa01d8accf84b4db125955	phase10A_R1	Pre-existing canonical Phase 1 DTHI seed-gene definition
progenitor_radial_glia	SOX2	03_processed_data/transcriptomics/BrainSpan/DTHI_seed_modules/dthi_seed_gene_matching.tsv	8090fdea9df67a2626dc40c4ff6a9650d25fbdc1d2fa01d8accf84b4db125955	phase10A_R1	Pre-existing canonical Phase 1 DTHI seed-gene definition
progenitor_radial_glia	SOX3	03_processed_data/transcriptomics/BrainSpan/DTHI_seed_modules/dthi_seed_gene_matching.tsv	8090fdea9df67a2626dc40c4ff6a9650d25fbdc1d2fa01d8accf84b4db125955	phase10A_R1	Pre-existing canonical Phase 1 DTHI seed-gene definition
progenitor_radial_glia	TOP2A	03_processed_data/transcriptomics/BrainSpan/DTHI_seed_modules/dthi_seed_gene_matching.tsv	8090fdea9df67a2626dc40c4ff6a9650d25fbdc1d2fa01d8accf84b4db125955	phase10A_R1	Pre-existing canonical Phase 1 DTHI seed-gene definition
progenitor_radial_glia	VIM	03_processed_data/transcriptomics/BrainSpan/DTHI_seed_modules/dthi_seed_gene_matching.tsv	8090fdea9df67a2626dc40c4ff6a9650d25fbdc1d2fa01d8accf84b4db125955	phase10A_R1	Pre-existing canonical Phase 1 DTHI seed-gene definition
neurogenesis_migration_layering	BCL11B	03_processed_data/transcriptomics/BrainSpan/DTHI_seed_modules/dthi_seed_gene_matching.tsv	8090fdea9df67a2626dc40c4ff6a9650d25fbdc1d2fa01d8accf84b4db125955	phase10A_R1	Pre-existing canonical Phase 1 DTHI seed-gene definition
neurogenesis_migration_layering	BHLHE22	03_processed_data/transcriptomics/BrainSpan/DTHI_seed_modules/dthi_seed_gene_matching.tsv	8090fdea9df67a2626dc40c4ff6a9650d25fbdc1d2fa01d8accf84b4db125955	phase10A_R1	Pre-existing canonical Phase 1 DTHI seed-gene definition
neurogenesis_migration_layering	CUX1	03_processed_data/transcriptomics/BrainSpan/DTHI_seed_modules/dthi_seed_gene_matching.tsv	8090fdea9df67a2626dc40c4ff6a9650d25fbdc1d2fa01d8accf84b4db125955	phase10A_R1	Pre-existing canonical Phase 1 DTHI seed-gene definition
neurogenesis_migration_layering	CUX2	03_processed_data/transcriptomics/BrainSpan/DTHI_seed_modules/dthi_seed_gene_matching.tsv	8090fdea9df67a2626dc40c4ff6a9650d25fbdc1d2fa01d8accf84b4db125955	phase10A_R1	Pre-existing canonical Phase 1 DTHI seed-gene definition
neurogenesis_migration_layering	DAB1	03_processed_data/transcriptomics/BrainSpan/DTHI_seed_modules/dthi_seed_gene_matching.tsv	8090fdea9df67a2626dc40c4ff6a9650d25fbdc1d2fa01d8accf84b4db125955	phase10A_R1	Pre-existing canonical Phase 1 DTHI seed-gene definition
neurogenesis_migration_layering	DCLK1	03_processed_data/transcriptomics/BrainSpan/DTHI_seed_modules/dthi_seed_gene_matching.tsv	8090fdea9df67a2626dc40c4ff6a9650d25fbdc1d2fa01d8accf84b4db125955	phase10A_R1	Pre-existing canonical Phase 1 DTHI seed-gene definition
neurogenesis_migration_layering	DCX	03_processed_data/transcriptomics/BrainSpan/DTHI_seed_modules/dthi_seed_gene_matching.tsv	8090fdea9df67a2626dc40c4ff6a9650d25fbdc1d2fa01d8accf84b4db125955	phase10A_R1	Pre-existing canonical Phase 1 DTHI seed-gene definition
neurogenesis_migration_layering	ELAVL3	03_processed_data/transcriptomics/BrainSpan/DTHI_seed_modules/dthi_seed_gene_matching.tsv	8090fdea9df67a2626dc40c4ff6a9650d25fbdc1d2fa01d8accf84b4db125955	phase10A_R1	Pre-existing canonical Phase 1 DTHI seed-gene definition
neurogenesis_migration_layering	ELAVL4	03_processed_data/transcriptomics/BrainSpan/DTHI_seed_modules/dthi_seed_gene_matching.tsv	8090fdea9df67a2626dc40c4ff6a9650d25fbdc1d2fa01d8accf84b4db125955	phase10A_R1	Pre-existing canonical Phase 1 DTHI seed-gene definition
neurogenesis_migration_layering	FEZF2	03_processed_data/transcriptomics/BrainSpan/DTHI_seed_modules/dthi_seed_gene_matching.tsv	8090fdea9df67a2626dc40c4ff6a9650d25fbdc1d2fa01d8accf84b4db125955	phase10A_R1	Pre-existing canonical Phase 1 DTHI seed-gene definition
neurogenesis_migration_layering	MAP2	03_processed_data/transcriptomics/BrainSpan/DTHI_seed_modules/dthi_seed_gene_matching.tsv	8090fdea9df67a2626dc40c4ff6a9650d25fbdc1d2fa01d8accf84b4db125955	phase10A_R1	Pre-existing canonical Phase 1 DTHI seed-gene definition
neurogenesis_migration_layering	NEUROD1	03_processed_data/transcriptomics/BrainSpan/DTHI_seed_modules/dthi_seed_gene_matching.tsv	8090fdea9df67a2626dc40c4ff6a9650d25fbdc1d2fa01d8accf84b4db125955	phase10A_R1	Pre-existing canonical Phase 1 DTHI seed-gene definition
neurogenesis_migration_layering	NEUROD2	03_processed_data/transcriptomics/BrainSpan/DTHI_seed_modules/dthi_seed_gene_matching.tsv	8090fdea9df67a2626dc40c4ff6a9650d25fbdc1d2fa01d8accf84b4db125955	phase10A_R1	Pre-existing canonical Phase 1 DTHI seed-gene definition
neurogenesis_migration_layering	NEUROG1	03_processed_data/transcriptomics/BrainSpan/DTHI_seed_modules/dthi_seed_gene_matching.tsv	8090fdea9df67a2626dc40c4ff6a9650d25fbdc1d2fa01d8accf84b4db125955	phase10A_R1	Pre-existing canonical Phase 1 DTHI seed-gene definition
neurogenesis_migration_layering	NEUROG2	03_processed_data/transcriptomics/BrainSpan/DTHI_seed_modules/dthi_seed_gene_matching.tsv	8090fdea9df67a2626dc40c4ff6a9650d25fbdc1d2fa01d8accf84b4db125955	phase10A_R1	Pre-existing canonical Phase 1 DTHI seed-gene definition
neurogenesis_migration_layering	PAFAH1B1	03_processed_data/transcriptomics/BrainSpan/DTHI_seed_modules/dthi_seed_gene_matching.tsv	8090fdea9df67a2626dc40c4ff6a9650d25fbdc1d2fa01d8accf84b4db125955	phase10A_R1	Pre-existing canonical Phase 1 DTHI seed-gene definition
neurogenesis_migration_layering	RBFOX3	03_processed_data/transcriptomics/BrainSpan/DTHI_seed_modules/dthi_seed_gene_matching.tsv	8090fdea9df67a2626dc40c4ff6a9650d25fbdc1d2fa01d8accf84b4db125955	phase10A_R1	Pre-existing canonical Phase 1 DTHI seed-gene definition
neurogenesis_migration_layering	RELN	03_processed_data/transcriptomics/BrainSpan/DTHI_seed_modules/dthi_seed_gene_matching.tsv	8090fdea9df67a2626dc40c4ff6a9650d25fbdc1d2fa01d8accf84b4db125955	phase10A_R1	Pre-existing canonical Phase 1 DTHI seed-gene definition
neurogenesis_migration_layering	RORB	03_processed_data/transcriptomics/BrainSpan/DTHI_seed_modules/dthi_seed_gene_matching.tsv	8090fdea9df67a2626dc40c4ff6a9650d25fbdc1d2fa01d8accf84b4db125955	phase10A_R1	Pre-existing canonical Phase 1 DTHI seed-gene definition
neurogenesis_migration_layering	SATB2	03_processed_data/transcriptomics/BrainSpan/DTHI_seed_modules/dthi_seed_gene_matching.tsv	8090fdea9df67a2626dc40c4ff6a9650d25fbdc1d2fa01d8accf84b4db125955	phase10A_R1	Pre-existing canonical Phase 1 DTHI seed-gene definition
neurogenesis_migration_layering	SOX5	03_processed_data/transcriptomics/BrainSpan/DTHI_seed_modules/dthi_seed_gene_matching.tsv	8090fdea9df67a2626dc40c4ff6a9650d25fbdc1d2fa01d8accf84b4db125955	phase10A_R1	Pre-existing canonical Phase 1 DTHI seed-gene definition
neurogenesis_migration_layering	STMN2	03_processed_data/transcriptomics/BrainSpan/DTHI_seed_modules/dthi_seed_gene_matching.tsv	8090fdea9df67a2626dc40c4ff6a9650d25fbdc1d2fa01d8accf84b4db125955	phase10A_R1	Pre-existing canonical Phase 1 DTHI seed-gene definition
neurogenesis_migration_layering	TBR1	03_processed_data/transcriptomics/BrainSpan/DTHI_seed_modules/dthi_seed_gene_matching.tsv	8090fdea9df67a2626dc40c4ff6a9650d25fbdc1d2fa01d8accf84b4db125955	phase10A_R1	Pre-existing canonical Phase 1 DTHI seed-gene definition
neurogenesis_migration_layering	TUBB3	03_processed_data/transcriptomics/BrainSpan/DTHI_seed_modules/dthi_seed_gene_matching.tsv	8090fdea9df67a2626dc40c4ff6a9650d25fbdc1d2fa01d8accf84b4db125955	phase10A_R1	Pre-existing canonical Phase 1 DTHI seed-gene definition
axon_guidance_neurite_outgrowth	DCC	03_processed_data/transcriptomics/BrainSpan/DTHI_seed_modules/dthi_seed_gene_matching.tsv	8090fdea9df67a2626dc40c4ff6a9650d25fbdc1d2fa01d8accf84b4db125955	phase10A_R1	Pre-existing canonical Phase 1 DTHI seed-gene definition
axon_guidance_neurite_outgrowth	DPYSL2	03_processed_data/transcriptomics/BrainSpan/DTHI_seed_modules/dthi_seed_gene_matching.tsv	8090fdea9df67a2626dc40c4ff6a9650d25fbdc1d2fa01d8accf84b4db125955	phase10A_R1	Pre-existing canonical Phase 1 DTHI seed-gene definition
axon_guidance_neurite_outgrowth	DPYSL3	03_processed_data/transcriptomics/BrainSpan/DTHI_seed_modules/dthi_seed_gene_matching.tsv	8090fdea9df67a2626dc40c4ff6a9650d25fbdc1d2fa01d8accf84b4db125955	phase10A_R1	Pre-existing canonical Phase 1 DTHI seed-gene definition
axon_guidance_neurite_outgrowth	EFNA5	03_processed_data/transcriptomics/BrainSpan/DTHI_seed_modules/dthi_seed_gene_matching.tsv	8090fdea9df67a2626dc40c4ff6a9650d25fbdc1d2fa01d8accf84b4db125955	phase10A_R1	Pre-existing canonical Phase 1 DTHI seed-gene definition
axon_guidance_neurite_outgrowth	EFNB2	03_processed_data/transcriptomics/BrainSpan/DTHI_seed_modules/dthi_seed_gene_matching.tsv	8090fdea9df67a2626dc40c4ff6a9650d25fbdc1d2fa01d8accf84b4db125955	phase10A_R1	Pre-existing canonical Phase 1 DTHI seed-gene definition
axon_guidance_neurite_outgrowth	EPHA3	03_processed_data/transcriptomics/BrainSpan/DTHI_seed_modules/dthi_seed_gene_matching.tsv	8090fdea9df67a2626dc40c4ff6a9650d25fbdc1d2fa01d8accf84b4db125955	phase10A_R1	Pre-existing canonical Phase 1 DTHI seed-gene definition
axon_guidance_neurite_outgrowth	EPHA4	03_processed_data/transcriptomics/BrainSpan/DTHI_seed_modules/dthi_seed_gene_matching.tsv	8090fdea9df67a2626dc40c4ff6a9650d25fbdc1d2fa01d8accf84b4db125955	phase10A_R1	Pre-existing canonical Phase 1 DTHI seed-gene definition
axon_guidance_neurite_outgrowth	EPHA7	03_processed_data/transcriptomics/BrainSpan/DTHI_seed_modules/dthi_seed_gene_matching.tsv	8090fdea9df67a2626dc40c4ff6a9650d25fbdc1d2fa01d8accf84b4db125955	phase10A_R1	Pre-existing canonical Phase 1 DTHI seed-gene definition
axon_guidance_neurite_outgrowth	EPHB2	03_processed_data/transcriptomics/BrainSpan/DTHI_seed_modules/dthi_seed_gene_matching.tsv	8090fdea9df67a2626dc40c4ff6a9650d25fbdc1d2fa01d8accf84b4db125955	phase10A_R1	Pre-existing canonical Phase 1 DTHI seed-gene definition
axon_guidance_neurite_outgrowth	EPHB3	03_processed_data/transcriptomics/BrainSpan/DTHI_seed_modules/dthi_seed_gene_matching.tsv	8090fdea9df67a2626dc40c4ff6a9650d25fbdc1d2fa01d8accf84b4db125955	phase10A_R1	Pre-existing canonical Phase 1 DTHI seed-gene definition
axon_guidance_neurite_outgrowth	GAP43	03_processed_data/transcriptomics/BrainSpan/DTHI_seed_modules/dthi_seed_gene_matching.tsv	8090fdea9df67a2626dc40c4ff6a9650d25fbdc1d2fa01d8accf84b4db125955	phase10A_R1	Pre-existing canonical Phase 1 DTHI seed-gene definition
axon_guidance_neurite_outgrowth	L1CAM	03_processed_data/transcriptomics/BrainSpan/DTHI_seed_modules/dthi_seed_gene_matching.tsv	8090fdea9df67a2626dc40c4ff6a9650d25fbdc1d2fa01d8accf84b4db125955	phase10A_R1	Pre-existing canonical Phase 1 DTHI seed-gene definition
axon_guidance_neurite_outgrowth	NCAM1	03_processed_data/transcriptomics/BrainSpan/DTHI_seed_modules/dthi_seed_gene_matching.tsv	8090fdea9df67a2626dc40c4ff6a9650d25fbdc1d2fa01d8accf84b4db125955	phase10A_R1	Pre-existing canonical Phase 1 DTHI seed-gene definition
axon_guidance_neurite_outgrowth	NRP1	03_processed_data/transcriptomics/BrainSpan/DTHI_seed_modules/dthi_seed_gene_matching.tsv	8090fdea9df67a2626dc40c4ff6a9650d25fbdc1d2fa01d8accf84b4db125955	phase10A_R1	Pre-existing canonical Phase 1 DTHI seed-gene definition
axon_guidance_neurite_outgrowth	NRP2	03_processed_data/transcriptomics/BrainSpan/DTHI_seed_modules/dthi_seed_gene_matching.tsv	8090fdea9df67a2626dc40c4ff6a9650d25fbdc1d2fa01d8accf84b4db125955	phase10A_R1	Pre-existing canonical Phase 1 DTHI seed-gene definition
axon_guidance_neurite_outgrowth	NTN1	03_processed_data/transcriptomics/BrainSpan/DTHI_seed_modules/dthi_seed_gene_matching.tsv	8090fdea9df67a2626dc40c4ff6a9650d25fbdc1d2fa01d8accf84b4db125955	phase10A_R1	Pre-existing canonical Phase 1 DTHI seed-gene definition
axon_guidance_neurite_outgrowth	PLXNA1	03_processed_data/transcriptomics/BrainSpan/DTHI_seed_modules/dthi_seed_gene_matching.tsv	8090fdea9df67a2626dc40c4ff6a9650d25fbdc1d2fa01d8accf84b4db125955	phase10A_R1	Pre-existing canonical Phase 1 DTHI seed-gene definition
axon_guidance_neurite_outgrowth	PLXNA2	03_processed_data/transcriptomics/BrainSpan/DTHI_seed_modules/dthi_seed_gene_matching.tsv	8090fdea9df67a2626dc40c4ff6a9650d25fbdc1d2fa01d8accf84b4db125955	phase10A_R1	Pre-existing canonical Phase 1 DTHI seed-gene definition
axon_guidance_neurite_outgrowth	PLXNB1	03_processed_data/transcriptomics/BrainSpan/DTHI_seed_modules/dthi_seed_gene_matching.tsv	8090fdea9df67a2626dc40c4ff6a9650d25fbdc1d2fa01d8accf84b4db125955	phase10A_R1	Pre-existing canonical Phase 1 DTHI seed-gene definition
axon_guidance_neurite_outgrowth	PLXND1	03_processed_data/transcriptomics/BrainSpan/DTHI_seed_modules/dthi_seed_gene_matching.tsv	8090fdea9df67a2626dc40c4ff6a9650d25fbdc1d2fa01d8accf84b4db125955	phase10A_R1	Pre-existing canonical Phase 1 DTHI seed-gene definition
axon_guidance_neurite_outgrowth	ROBO1	03_processed_data/transcriptomics/BrainSpan/DTHI_seed_modules/dthi_seed_gene_matching.tsv	8090fdea9df67a2626dc40c4ff6a9650d25fbdc1d2fa01d8accf84b4db125955	phase10A_R1	Pre-existing canonical Phase 1 DTHI seed-gene definition
axon_guidance_neurite_outgrowth	ROBO2	03_processed_data/transcriptomics/BrainSpan/DTHI_seed_modules/dthi_seed_gene_matching.tsv	8090fdea9df67a2626dc40c4ff6a9650d25fbdc1d2fa01d8accf84b4db125955	phase10A_R1	Pre-existing canonical Phase 1 DTHI seed-gene definition
axon_guidance_neurite_outgrowth	SEMA3A	03_processed_data/transcriptomics/BrainSpan/DTHI_seed_modules/dthi_seed_gene_matching.tsv	8090fdea9df67a2626dc40c4ff6a9650d25fbdc1d2fa01d8accf84b4db125955	phase10A_R1	Pre-existing canonical Phase 1 DTHI seed-gene definition
axon_guidance_neurite_outgrowth	SEMA3C	03_processed_data/transcriptomics/BrainSpan/DTHI_seed_modules/dthi_seed_gene_matching.tsv	8090fdea9df67a2626dc40c4ff6a9650d25fbdc1d2fa01d8accf84b4db125955	phase10A_R1	Pre-existing canonical Phase 1 DTHI seed-gene definition
axon_guidance_neurite_outgrowth	SEMA4D	03_processed_data/transcriptomics/BrainSpan/DTHI_seed_modules/dthi_seed_gene_matching.tsv	8090fdea9df67a2626dc40c4ff6a9650d25fbdc1d2fa01d8accf84b4db125955	phase10A_R1	Pre-existing canonical Phase 1 DTHI seed-gene definition
axon_guidance_neurite_outgrowth	SLIT1	03_processed_data/transcriptomics/BrainSpan/DTHI_seed_modules/dthi_seed_gene_matching.tsv	8090fdea9df67a2626dc40c4ff6a9650d25fbdc1d2fa01d8accf84b4db125955	phase10A_R1	Pre-existing canonical Phase 1 DTHI seed-gene definition
axon_guidance_neurite_outgrowth	SLIT2	03_processed_data/transcriptomics/BrainSpan/DTHI_seed_modules/dthi_seed_gene_matching.tsv	8090fdea9df67a2626dc40c4ff6a9650d25fbdc1d2fa01d8accf84b4db125955	phase10A_R1	Pre-existing canonical Phase 1 DTHI seed-gene definition
axon_guidance_neurite_outgrowth	UNC5B	03_processed_data/transcriptomics/BrainSpan/DTHI_seed_modules/dthi_seed_gene_matching.tsv	8090fdea9df67a2626dc40c4ff6a9650d25fbdc1d2fa01d8accf84b4db125955	phase10A_R1	Pre-existing canonical Phase 1 DTHI seed-gene definition
axon_guidance_neurite_outgrowth	UNC5C	03_processed_data/transcriptomics/BrainSpan/DTHI_seed_modules/dthi_seed_gene_matching.tsv	8090fdea9df67a2626dc40c4ff6a9650d25fbdc1d2fa01d8accf84b4db125955	phase10A_R1	Pre-existing canonical Phase 1 DTHI seed-gene definition
synaptic_assembly_receptor_trafficking	CADM1	03_processed_data/transcriptomics/BrainSpan/DTHI_seed_modules/dthi_seed_gene_matching.tsv	8090fdea9df67a2626dc40c4ff6a9650d25fbdc1d2fa01d8accf84b4db125955	phase10A_R1	Pre-existing canonical Phase 1 DTHI seed-gene definition
synaptic_assembly_receptor_trafficking	CAMK2A	03_processed_data/transcriptomics/BrainSpan/DTHI_seed_modules/dthi_seed_gene_matching.tsv	8090fdea9df67a2626dc40c4ff6a9650d25fbdc1d2fa01d8accf84b4db125955	phase10A_R1	Pre-existing canonical Phase 1 DTHI seed-gene definition
synaptic_assembly_receptor_trafficking	CAMK2B	03_processed_data/transcriptomics/BrainSpan/DTHI_seed_modules/dthi_seed_gene_matching.tsv	8090fdea9df67a2626dc40c4ff6a9650d25fbdc1d2fa01d8accf84b4db125955	phase10A_R1	Pre-existing canonical Phase 1 DTHI seed-gene definition
synaptic_assembly_receptor_trafficking	CASK	03_processed_data/transcriptomics/BrainSpan/DTHI_seed_modules/dthi_seed_gene_matching.tsv	8090fdea9df67a2626dc40c4ff6a9650d25fbdc1d2fa01d8accf84b4db125955	phase10A_R1	Pre-existing canonical Phase 1 DTHI seed-gene definition
synaptic_assembly_receptor_trafficking	DLG3	03_processed_data/transcriptomics/BrainSpan/DTHI_seed_modules/dthi_seed_gene_matching.tsv	8090fdea9df67a2626dc40c4ff6a9650d25fbdc1d2fa01d8accf84b4db125955	phase10A_R1	Pre-existing canonical Phase 1 DTHI seed-gene definition
synaptic_assembly_receptor_trafficking	DLG4	03_processed_data/transcriptomics/BrainSpan/DTHI_seed_modules/dthi_seed_gene_matching.tsv	8090fdea9df67a2626dc40c4ff6a9650d25fbdc1d2fa01d8accf84b4db125955	phase10A_R1	Pre-existing canonical Phase 1 DTHI seed-gene definition
synaptic_assembly_receptor_trafficking	GABRA1	03_processed_data/transcriptomics/BrainSpan/DTHI_seed_modules/dthi_seed_gene_matching.tsv	8090fdea9df67a2626dc40c4ff6a9650d25fbdc1d2fa01d8accf84b4db125955	phase10A_R1	Pre-existing canonical Phase 1 DTHI seed-gene definition
synaptic_assembly_receptor_trafficking	GABRB2	03_processed_data/transcriptomics/BrainSpan/DTHI_seed_modules/dthi_seed_gene_matching.tsv	8090fdea9df67a2626dc40c4ff6a9650d25fbdc1d2fa01d8accf84b4db125955	phase10A_R1	Pre-existing canonical Phase 1 DTHI seed-gene definition
synaptic_assembly_receptor_trafficking	GABRG2	03_processed_data/transcriptomics/BrainSpan/DTHI_seed_modules/dthi_seed_gene_matching.tsv	8090fdea9df67a2626dc40c4ff6a9650d25fbdc1d2fa01d8accf84b4db125955	phase10A_R1	Pre-existing canonical Phase 1 DTHI seed-gene definition
synaptic_assembly_receptor_trafficking	GRIA1	03_processed_data/transcriptomics/BrainSpan/DTHI_seed_modules/dthi_seed_gene_matching.tsv	8090fdea9df67a2626dc40c4ff6a9650d25fbdc1d2fa01d8accf84b4db125955	phase10A_R1	Pre-existing canonical Phase 1 DTHI seed-gene definition
synaptic_assembly_receptor_trafficking	GRIA2	03_processed_data/transcriptomics/BrainSpan/DTHI_seed_modules/dthi_seed_gene_matching.tsv	8090fdea9df67a2626dc40c4ff6a9650d25fbdc1d2fa01d8accf84b4db125955	phase10A_R1	Pre-existing canonical Phase 1 DTHI seed-gene definition
synaptic_assembly_receptor_trafficking	GRIA3	03_processed_data/transcriptomics/BrainSpan/DTHI_seed_modules/dthi_seed_gene_matching.tsv	8090fdea9df67a2626dc40c4ff6a9650d25fbdc1d2fa01d8accf84b4db125955	phase10A_R1	Pre-existing canonical Phase 1 DTHI seed-gene definition
synaptic_assembly_receptor_trafficking	GRIN1	03_processed_data/transcriptomics/BrainSpan/DTHI_seed_modules/dthi_seed_gene_matching.tsv	8090fdea9df67a2626dc40c4ff6a9650d25fbdc1d2fa01d8accf84b4db125955	phase10A_R1	Pre-existing canonical Phase 1 DTHI seed-gene definition
synaptic_assembly_receptor_trafficking	GRIN2A	03_processed_data/transcriptomics/BrainSpan/DTHI_seed_modules/dthi_seed_gene_matching.tsv	8090fdea9df67a2626dc40c4ff6a9650d25fbdc1d2fa01d8accf84b4db125955	phase10A_R1	Pre-existing canonical Phase 1 DTHI seed-gene definition
synaptic_assembly_receptor_trafficking	GRIN2B	03_processed_data/transcriptomics/BrainSpan/DTHI_seed_modules/dthi_seed_gene_matching.tsv	8090fdea9df67a2626dc40c4ff6a9650d25fbdc1d2fa01d8accf84b4db125955	phase10A_R1	Pre-existing canonical Phase 1 DTHI seed-gene definition
synaptic_assembly_receptor_trafficking	HOMER1	03_processed_data/transcriptomics/BrainSpan/DTHI_seed_modules/dthi_seed_gene_matching.tsv	8090fdea9df67a2626dc40c4ff6a9650d25fbdc1d2fa01d8accf84b4db125955	phase10A_R1	Pre-existing canonical Phase 1 DTHI seed-gene definition
synaptic_assembly_receptor_trafficking	HOMER2	03_processed_data/transcriptomics/BrainSpan/DTHI_seed_modules/dthi_seed_gene_matching.tsv	8090fdea9df67a2626dc40c4ff6a9650d25fbdc1d2fa01d8accf84b4db125955	phase10A_R1	Pre-existing canonical Phase 1 DTHI seed-gene definition
synaptic_assembly_receptor_trafficking	LRRTM1	03_processed_data/transcriptomics/BrainSpan/DTHI_seed_modules/dthi_seed_gene_matching.tsv	8090fdea9df67a2626dc40c4ff6a9650d25fbdc1d2fa01d8accf84b4db125955	phase10A_R1	Pre-existing canonical Phase 1 DTHI seed-gene definition
synaptic_assembly_receptor_trafficking	LRRTM2	03_processed_data/transcriptomics/BrainSpan/DTHI_seed_modules/dthi_seed_gene_matching.tsv	8090fdea9df67a2626dc40c4ff6a9650d25fbdc1d2fa01d8accf84b4db125955	phase10A_R1	Pre-existing canonical Phase 1 DTHI seed-gene definition
synaptic_assembly_receptor_trafficking	NLGN1	03_processed_data/transcriptomics/BrainSpan/DTHI_seed_modules/dthi_seed_gene_matching.tsv	8090fdea9df67a2626dc40c4ff6a9650d25fbdc1d2fa01d8accf84b4db125955	phase10A_R1	Pre-existing canonical Phase 1 DTHI seed-gene definition
synaptic_assembly_receptor_trafficking	NLGN2	03_processed_data/transcriptomics/BrainSpan/DTHI_seed_modules/dthi_seed_gene_matching.tsv	8090fdea9df67a2626dc40c4ff6a9650d25fbdc1d2fa01d8accf84b4db125955	phase10A_R1	Pre-existing canonical Phase 1 DTHI seed-gene definition
synaptic_assembly_receptor_trafficking	NLGN3	03_processed_data/transcriptomics/BrainSpan/DTHI_seed_modules/dthi_seed_gene_matching.tsv	8090fdea9df67a2626dc40c4ff6a9650d25fbdc1d2fa01d8accf84b4db125955	phase10A_R1	Pre-existing canonical Phase 1 DTHI seed-gene definition
synaptic_assembly_receptor_trafficking	NRXN1	03_processed_data/transcriptomics/BrainSpan/DTHI_seed_modules/dthi_seed_gene_matching.tsv	8090fdea9df67a2626dc40c4ff6a9650d25fbdc1d2fa01d8accf84b4db125955	phase10A_R1	Pre-existing canonical Phase 1 DTHI seed-gene definition
synaptic_assembly_receptor_trafficking	NRXN2	03_processed_data/transcriptomics/BrainSpan/DTHI_seed_modules/dthi_seed_gene_matching.tsv	8090fdea9df67a2626dc40c4ff6a9650d25fbdc1d2fa01d8accf84b4db125955	phase10A_R1	Pre-existing canonical Phase 1 DTHI seed-gene definition
synaptic_assembly_receptor_trafficking	NRXN3	03_processed_data/transcriptomics/BrainSpan/DTHI_seed_modules/dthi_seed_gene_matching.tsv	8090fdea9df67a2626dc40c4ff6a9650d25fbdc1d2fa01d8accf84b4db125955	phase10A_R1	Pre-existing canonical Phase 1 DTHI seed-gene definition
synaptic_assembly_receptor_trafficking	SHANK1	03_processed_data/transcriptomics/BrainSpan/DTHI_seed_modules/dthi_seed_gene_matching.tsv	8090fdea9df67a2626dc40c4ff6a9650d25fbdc1d2fa01d8accf84b4db125955	phase10A_R1	Pre-existing canonical Phase 1 DTHI seed-gene definition
synaptic_assembly_receptor_trafficking	SHANK2	03_processed_data/transcriptomics/BrainSpan/DTHI_seed_modules/dthi_seed_gene_matching.tsv	8090fdea9df67a2626dc40c4ff6a9650d25fbdc1d2fa01d8accf84b4db125955	phase10A_R1	Pre-existing canonical Phase 1 DTHI seed-gene definition
synaptic_assembly_receptor_trafficking	SHANK3	03_processed_data/transcriptomics/BrainSpan/DTHI_seed_modules/dthi_seed_gene_matching.tsv	8090fdea9df67a2626dc40c4ff6a9650d25fbdc1d2fa01d8accf84b4db125955	phase10A_R1	Pre-existing canonical Phase 1 DTHI seed-gene definition
synaptic_assembly_receptor_trafficking	SNAP25	03_processed_data/transcriptomics/BrainSpan/DTHI_seed_modules/dthi_seed_gene_matching.tsv	8090fdea9df67a2626dc40c4ff6a9650d25fbdc1d2fa01d8accf84b4db125955	phase10A_R1	Pre-existing canonical Phase 1 DTHI seed-gene definition
synaptic_assembly_receptor_trafficking	STX1A	03_processed_data/transcriptomics/BrainSpan/DTHI_seed_modules/dthi_seed_gene_matching.tsv	8090fdea9df67a2626dc40c4ff6a9650d25fbdc1d2fa01d8accf84b4db125955	phase10A_R1	Pre-existing canonical Phase 1 DTHI seed-gene definition
synaptic_assembly_receptor_trafficking	SYN1	03_processed_data/transcriptomics/BrainSpan/DTHI_seed_modules/dthi_seed_gene_matching.tsv	8090fdea9df67a2626dc40c4ff6a9650d25fbdc1d2fa01d8accf84b4db125955	phase10A_R1	Pre-existing canonical Phase 1 DTHI seed-gene definition
synaptic_assembly_receptor_trafficking	SYN2	03_processed_data/transcriptomics/BrainSpan/DTHI_seed_modules/dthi_seed_gene_matching.tsv	8090fdea9df67a2626dc40c4ff6a9650d25fbdc1d2fa01d8accf84b4db125955	phase10A_R1	Pre-existing canonical Phase 1 DTHI seed-gene definition
synaptic_assembly_receptor_trafficking	SYP	03_processed_data/transcriptomics/BrainSpan/DTHI_seed_modules/dthi_seed_gene_matching.tsv	8090fdea9df67a2626dc40c4ff6a9650d25fbdc1d2fa01d8accf84b4db125955	phase10A_R1	Pre-existing canonical Phase 1 DTHI seed-gene definition
synaptic_assembly_receptor_trafficking	VAMP2	03_processed_data/transcriptomics/BrainSpan/DTHI_seed_modules/dthi_seed_gene_matching.tsv	8090fdea9df67a2626dc40c4ff6a9650d25fbdc1d2fa01d8accf84b4db125955	phase10A_R1	Pre-existing canonical Phase 1 DTHI seed-gene definition
astrocyte_maturation_metabolic_support	ALDH1L1	03_processed_data/transcriptomics/BrainSpan/DTHI_seed_modules/dthi_seed_gene_matching.tsv	8090fdea9df67a2626dc40c4ff6a9650d25fbdc1d2fa01d8accf84b4db125955	phase10A_R1	Pre-existing canonical Phase 1 DTHI seed-gene definition
astrocyte_maturation_metabolic_support	ALDOC	03_processed_data/transcriptomics/BrainSpan/DTHI_seed_modules/dthi_seed_gene_matching.tsv	8090fdea9df67a2626dc40c4ff6a9650d25fbdc1d2fa01d8accf84b4db125955	phase10A_R1	Pre-existing canonical Phase 1 DTHI seed-gene definition
astrocyte_maturation_metabolic_support	APOE	03_processed_data/transcriptomics/BrainSpan/DTHI_seed_modules/dthi_seed_gene_matching.tsv	8090fdea9df67a2626dc40c4ff6a9650d25fbdc1d2fa01d8accf84b4db125955	phase10A_R1	Pre-existing canonical Phase 1 DTHI seed-gene definition
astrocyte_maturation_metabolic_support	AQP4	03_processed_data/transcriptomics/BrainSpan/DTHI_seed_modules/dthi_seed_gene_matching.tsv	8090fdea9df67a2626dc40c4ff6a9650d25fbdc1d2fa01d8accf84b4db125955	phase10A_R1	Pre-existing canonical Phase 1 DTHI seed-gene definition
astrocyte_maturation_metabolic_support	CD44	03_processed_data/transcriptomics/BrainSpan/DTHI_seed_modules/dthi_seed_gene_matching.tsv	8090fdea9df67a2626dc40c4ff6a9650d25fbdc1d2fa01d8accf84b4db125955	phase10A_R1	Pre-existing canonical Phase 1 DTHI seed-gene definition
astrocyte_maturation_metabolic_support	CLU	03_processed_data/transcriptomics/BrainSpan/DTHI_seed_modules/dthi_seed_gene_matching.tsv	8090fdea9df67a2626dc40c4ff6a9650d25fbdc1d2fa01d8accf84b4db125955	phase10A_R1	Pre-existing canonical Phase 1 DTHI seed-gene definition
astrocyte_maturation_metabolic_support	FGFR3	03_processed_data/transcriptomics/BrainSpan/DTHI_seed_modules/dthi_seed_gene_matching.tsv	8090fdea9df67a2626dc40c4ff6a9650d25fbdc1d2fa01d8accf84b4db125955	phase10A_R1	Pre-existing canonical Phase 1 DTHI seed-gene definition
astrocyte_maturation_metabolic_support	GFAP	03_processed_data/transcriptomics/BrainSpan/DTHI_seed_modules/dthi_seed_gene_matching.tsv	8090fdea9df67a2626dc40c4ff6a9650d25fbdc1d2fa01d8accf84b4db125955	phase10A_R1	Pre-existing canonical Phase 1 DTHI seed-gene definition
astrocyte_maturation_metabolic_support	GJA1	03_processed_data/transcriptomics/BrainSpan/DTHI_seed_modules/dthi_seed_gene_matching.tsv	8090fdea9df67a2626dc40c4ff6a9650d25fbdc1d2fa01d8accf84b4db125955	phase10A_R1	Pre-existing canonical Phase 1 DTHI seed-gene definition
astrocyte_maturation_metabolic_support	GJB6	03_processed_data/transcriptomics/BrainSpan/DTHI_seed_modules/dthi_seed_gene_matching.tsv	8090fdea9df67a2626dc40c4ff6a9650d25fbdc1d2fa01d8accf84b4db125955	phase10A_R1	Pre-existing canonical Phase 1 DTHI seed-gene definition
astrocyte_maturation_metabolic_support	GLUL	03_processed_data/transcriptomics/BrainSpan/DTHI_seed_modules/dthi_seed_gene_matching.tsv	8090fdea9df67a2626dc40c4ff6a9650d25fbdc1d2fa01d8accf84b4db125955	phase10A_R1	Pre-existing canonical Phase 1 DTHI seed-gene definition
astrocyte_maturation_metabolic_support	NFIA	03_processed_data/transcriptomics/BrainSpan/DTHI_seed_modules/dthi_seed_gene_matching.tsv	8090fdea9df67a2626dc40c4ff6a9650d25fbdc1d2fa01d8accf84b4db125955	phase10A_R1	Pre-existing canonical Phase 1 DTHI seed-gene definition
astrocyte_maturation_metabolic_support	NFIB	03_processed_data/transcriptomics/BrainSpan/DTHI_seed_modules/dthi_seed_gene_matching.tsv	8090fdea9df67a2626dc40c4ff6a9650d25fbdc1d2fa01d8accf84b4db125955	phase10A_R1	Pre-existing canonical Phase 1 DTHI seed-gene definition
astrocyte_maturation_metabolic_support	S100B	03_processed_data/transcriptomics/BrainSpan/DTHI_seed_modules/dthi_seed_gene_matching.tsv	8090fdea9df67a2626dc40c4ff6a9650d25fbdc1d2fa01d8accf84b4db125955	phase10A_R1	Pre-existing canonical Phase 1 DTHI seed-gene definition
astrocyte_maturation_metabolic_support	SLC1A2	03_processed_data/transcriptomics/BrainSpan/DTHI_seed_modules/dthi_seed_gene_matching.tsv	8090fdea9df67a2626dc40c4ff6a9650d25fbdc1d2fa01d8accf84b4db125955	phase10A_R1	Pre-existing canonical Phase 1 DTHI seed-gene definition
astrocyte_maturation_metabolic_support	SLC1A3	03_processed_data/transcriptomics/BrainSpan/DTHI_seed_modules/dthi_seed_gene_matching.tsv	8090fdea9df67a2626dc40c4ff6a9650d25fbdc1d2fa01d8accf84b4db125955	phase10A_R1	Pre-existing canonical Phase 1 DTHI seed-gene definition
astrocyte_maturation_metabolic_support	SLC6A11	03_processed_data/transcriptomics/BrainSpan/DTHI_seed_modules/dthi_seed_gene_matching.tsv	8090fdea9df67a2626dc40c4ff6a9650d25fbdc1d2fa01d8accf84b4db125955	phase10A_R1	Pre-existing canonical Phase 1 DTHI seed-gene definition
astrocyte_maturation_metabolic_support	SOX9	03_processed_data/transcriptomics/BrainSpan/DTHI_seed_modules/dthi_seed_gene_matching.tsv	8090fdea9df67a2626dc40c4ff6a9650d25fbdc1d2fa01d8accf84b4db125955	phase10A_R1	Pre-existing canonical Phase 1 DTHI seed-gene definition
astrocyte_maturation_metabolic_support	SPARCL1	03_processed_data/transcriptomics/BrainSpan/DTHI_seed_modules/dthi_seed_gene_matching.tsv	8090fdea9df67a2626dc40c4ff6a9650d25fbdc1d2fa01d8accf84b4db125955	phase10A_R1	Pre-existing canonical Phase 1 DTHI seed-gene definition
oligodendrocyte_myelination	BCAS1	03_processed_data/transcriptomics/BrainSpan/DTHI_seed_modules/dthi_seed_gene_matching.tsv	8090fdea9df67a2626dc40c4ff6a9650d25fbdc1d2fa01d8accf84b4db125955	phase10A_R1	Pre-existing canonical Phase 1 DTHI seed-gene definition
oligodendrocyte_myelination	CLDN11	03_processed_data/transcriptomics/BrainSpan/DTHI_seed_modules/dthi_seed_gene_matching.tsv	8090fdea9df67a2626dc40c4ff6a9650d25fbdc1d2fa01d8accf84b4db125955	phase10A_R1	Pre-existing canonical Phase 1 DTHI seed-gene definition
oligodendrocyte_myelination	CNP	03_processed_data/transcriptomics/BrainSpan/DTHI_seed_modules/dthi_seed_gene_matching.tsv	8090fdea9df67a2626dc40c4ff6a9650d25fbdc1d2fa01d8accf84b4db125955	phase10A_R1	Pre-existing canonical Phase 1 DTHI seed-gene definition
oligodendrocyte_myelination	CSPG4	03_processed_data/transcriptomics/BrainSpan/DTHI_seed_modules/dthi_seed_gene_matching.tsv	8090fdea9df67a2626dc40c4ff6a9650d25fbdc1d2fa01d8accf84b4db125955	phase10A_R1	Pre-existing canonical Phase 1 DTHI seed-gene definition
oligodendrocyte_myelination	ENPP6	03_processed_data/transcriptomics/BrainSpan/DTHI_seed_modules/dthi_seed_gene_matching.tsv	8090fdea9df67a2626dc40c4ff6a9650d25fbdc1d2fa01d8accf84b4db125955	phase10A_R1	Pre-existing canonical Phase 1 DTHI seed-gene definition
oligodendrocyte_myelination	ERMN	03_processed_data/transcriptomics/BrainSpan/DTHI_seed_modules/dthi_seed_gene_matching.tsv	8090fdea9df67a2626dc40c4ff6a9650d25fbdc1d2fa01d8accf84b4db125955	phase10A_R1	Pre-existing canonical Phase 1 DTHI seed-gene definition
oligodendrocyte_myelination	MAG	03_processed_data/transcriptomics/BrainSpan/DTHI_seed_modules/dthi_seed_gene_matching.tsv	8090fdea9df67a2626dc40c4ff6a9650d25fbdc1d2fa01d8accf84b4db125955	phase10A_R1	Pre-existing canonical Phase 1 DTHI seed-gene definition
oligodendrocyte_myelination	MAL	03_processed_data/transcriptomics/BrainSpan/DTHI_seed_modules/dthi_seed_gene_matching.tsv	8090fdea9df67a2626dc40c4ff6a9650d25fbdc1d2fa01d8accf84b4db125955	phase10A_R1	Pre-existing canonical Phase 1 DTHI seed-gene definition
oligodendrocyte_myelination	MBP	03_processed_data/transcriptomics/BrainSpan/DTHI_seed_modules/dthi_seed_gene_matching.tsv	8090fdea9df67a2626dc40c4ff6a9650d25fbdc1d2fa01d8accf84b4db125955	phase10A_R1	Pre-existing canonical Phase 1 DTHI seed-gene definition
oligodendrocyte_myelination	MOBP	03_processed_data/transcriptomics/BrainSpan/DTHI_seed_modules/dthi_seed_gene_matching.tsv	8090fdea9df67a2626dc40c4ff6a9650d25fbdc1d2fa01d8accf84b4db125955	phase10A_R1	Pre-existing canonical Phase 1 DTHI seed-gene definition
oligodendrocyte_myelination	MOG	03_processed_data/transcriptomics/BrainSpan/DTHI_seed_modules/dthi_seed_gene_matching.tsv	8090fdea9df67a2626dc40c4ff6a9650d25fbdc1d2fa01d8accf84b4db125955	phase10A_R1	Pre-existing canonical Phase 1 DTHI seed-gene definition
oligodendrocyte_myelination	MYRF	03_processed_data/transcriptomics/BrainSpan/DTHI_seed_modules/dthi_seed_gene_matching.tsv	8090fdea9df67a2626dc40c4ff6a9650d25fbdc1d2fa01d8accf84b4db125955	phase10A_R1	Pre-existing canonical Phase 1 DTHI seed-gene definition
oligodendrocyte_myelination	NKX2-2	03_processed_data/transcriptomics/BrainSpan/DTHI_seed_modules/dthi_seed_gene_matching.tsv	8090fdea9df67a2626dc40c4ff6a9650d25fbdc1d2fa01d8accf84b4db125955	phase10A_R1	Pre-existing canonical Phase 1 DTHI seed-gene definition
oligodendrocyte_myelination	OLIG1	03_processed_data/transcriptomics/BrainSpan/DTHI_seed_modules/dthi_seed_gene_matching.tsv	8090fdea9df67a2626dc40c4ff6a9650d25fbdc1d2fa01d8accf84b4db125955	phase10A_R1	Pre-existing canonical Phase 1 DTHI seed-gene definition
oligodendrocyte_myelination	OLIG2	03_processed_data/transcriptomics/BrainSpan/DTHI_seed_modules/dthi_seed_gene_matching.tsv	8090fdea9df67a2626dc40c4ff6a9650d25fbdc1d2fa01d8accf84b4db125955	phase10A_R1	Pre-existing canonical Phase 1 DTHI seed-gene definition
oligodendrocyte_myelination	OPALIN	03_processed_data/transcriptomics/BrainSpan/DTHI_seed_modules/dthi_seed_gene_matching.tsv	8090fdea9df67a2626dc40c4ff6a9650d25fbdc1d2fa01d8accf84b4db125955	phase10A_R1	Pre-existing canonical Phase 1 DTHI seed-gene definition
oligodendrocyte_myelination	PDGFRA	03_processed_data/transcriptomics/BrainSpan/DTHI_seed_modules/dthi_seed_gene_matching.tsv	8090fdea9df67a2626dc40c4ff6a9650d25fbdc1d2fa01d8accf84b4db125955	phase10A_R1	Pre-existing canonical Phase 1 DTHI seed-gene definition
oligodendrocyte_myelination	PLP1	03_processed_data/transcriptomics/BrainSpan/DTHI_seed_modules/dthi_seed_gene_matching.tsv	8090fdea9df67a2626dc40c4ff6a9650d25fbdc1d2fa01d8accf84b4db125955	phase10A_R1	Pre-existing canonical Phase 1 DTHI seed-gene definition
oligodendrocyte_myelination	SOX10	03_processed_data/transcriptomics/BrainSpan/DTHI_seed_modules/dthi_seed_gene_matching.tsv	8090fdea9df67a2626dc40c4ff6a9650d25fbdc1d2fa01d8accf84b4db125955	phase10A_R1	Pre-existing canonical Phase 1 DTHI seed-gene definition
oligodendrocyte_myelination	UGT8	03_processed_data/transcriptomics/BrainSpan/DTHI_seed_modules/dthi_seed_gene_matching.tsv	8090fdea9df67a2626dc40c4ff6a9650d25fbdc1d2fa01d8accf84b4db125955	phase10A_R1	Pre-existing canonical Phase 1 DTHI seed-gene definition
activity_dependent_plasticity	ARC	03_processed_data/transcriptomics/BrainSpan/DTHI_seed_modules/dthi_seed_gene_matching.tsv	8090fdea9df67a2626dc40c4ff6a9650d25fbdc1d2fa01d8accf84b4db125955	phase10A_R1	Pre-existing canonical Phase 1 DTHI seed-gene definition
activity_dependent_plasticity	BDNF	03_processed_data/transcriptomics/BrainSpan/DTHI_seed_modules/dthi_seed_gene_matching.tsv	8090fdea9df67a2626dc40c4ff6a9650d25fbdc1d2fa01d8accf84b4db125955	phase10A_R1	Pre-existing canonical Phase 1 DTHI seed-gene definition
activity_dependent_plasticity	CAMK2A	03_processed_data/transcriptomics/BrainSpan/DTHI_seed_modules/dthi_seed_gene_matching.tsv	8090fdea9df67a2626dc40c4ff6a9650d25fbdc1d2fa01d8accf84b4db125955	phase10A_R1	Pre-existing canonical Phase 1 DTHI seed-gene definition
activity_dependent_plasticity	CAMK2B	03_processed_data/transcriptomics/BrainSpan/DTHI_seed_modules/dthi_seed_gene_matching.tsv	8090fdea9df67a2626dc40c4ff6a9650d25fbdc1d2fa01d8accf84b4db125955	phase10A_R1	Pre-existing canonical Phase 1 DTHI seed-gene definition
activity_dependent_plasticity	CREB1	03_processed_data/transcriptomics/BrainSpan/DTHI_seed_modules/dthi_seed_gene_matching.tsv	8090fdea9df67a2626dc40c4ff6a9650d25fbdc1d2fa01d8accf84b4db125955	phase10A_R1	Pre-existing canonical Phase 1 DTHI seed-gene definition
activity_dependent_plasticity	CREM	03_processed_data/transcriptomics/BrainSpan/DTHI_seed_modules/dthi_seed_gene_matching.tsv	8090fdea9df67a2626dc40c4ff6a9650d25fbdc1d2fa01d8accf84b4db125955	phase10A_R1	Pre-existing canonical Phase 1 DTHI seed-gene definition
activity_dependent_plasticity	DUSP1	03_processed_data/transcriptomics/BrainSpan/DTHI_seed_modules/dthi_seed_gene_matching.tsv	8090fdea9df67a2626dc40c4ff6a9650d25fbdc1d2fa01d8accf84b4db125955	phase10A_R1	Pre-existing canonical Phase 1 DTHI seed-gene definition
activity_dependent_plasticity	DUSP6	03_processed_data/transcriptomics/BrainSpan/DTHI_seed_modules/dthi_seed_gene_matching.tsv	8090fdea9df67a2626dc40c4ff6a9650d25fbdc1d2fa01d8accf84b4db125955	phase10A_R1	Pre-existing canonical Phase 1 DTHI seed-gene definition
activity_dependent_plasticity	EGR1	03_processed_data/transcriptomics/BrainSpan/DTHI_seed_modules/dthi_seed_gene_matching.tsv	8090fdea9df67a2626dc40c4ff6a9650d25fbdc1d2fa01d8accf84b4db125955	phase10A_R1	Pre-existing canonical Phase 1 DTHI seed-gene definition
activity_dependent_plasticity	EGR2	03_processed_data/transcriptomics/BrainSpan/DTHI_seed_modules/dthi_seed_gene_matching.tsv	8090fdea9df67a2626dc40c4ff6a9650d25fbdc1d2fa01d8accf84b4db125955	phase10A_R1	Pre-existing canonical Phase 1 DTHI seed-gene definition
activity_dependent_plasticity	EGR3	03_processed_data/transcriptomics/BrainSpan/DTHI_seed_modules/dthi_seed_gene_matching.tsv	8090fdea9df67a2626dc40c4ff6a9650d25fbdc1d2fa01d8accf84b4db125955	phase10A_R1	Pre-existing canonical Phase 1 DTHI seed-gene definition
activity_dependent_plasticity	FOS	03_processed_data/transcriptomics/BrainSpan/DTHI_seed_modules/dthi_seed_gene_matching.tsv	8090fdea9df67a2626dc40c4ff6a9650d25fbdc1d2fa01d8accf84b4db125955	phase10A_R1	Pre-existing canonical Phase 1 DTHI seed-gene definition
activity_dependent_plasticity	FOSB	03_processed_data/transcriptomics/BrainSpan/DTHI_seed_modules/dthi_seed_gene_matching.tsv	8090fdea9df67a2626dc40c4ff6a9650d25fbdc1d2fa01d8accf84b4db125955	phase10A_R1	Pre-existing canonical Phase 1 DTHI seed-gene definition
activity_dependent_plasticity	HOMER1	03_processed_data/transcriptomics/BrainSpan/DTHI_seed_modules/dthi_seed_gene_matching.tsv	8090fdea9df67a2626dc40c4ff6a9650d25fbdc1d2fa01d8accf84b4db125955	phase10A_R1	Pre-existing canonical Phase 1 DTHI seed-gene definition
activity_dependent_plasticity	IER2	03_processed_data/transcriptomics/BrainSpan/DTHI_seed_modules/dthi_seed_gene_matching.tsv	8090fdea9df67a2626dc40c4ff6a9650d25fbdc1d2fa01d8accf84b4db125955	phase10A_R1	Pre-existing canonical Phase 1 DTHI seed-gene definition
activity_dependent_plasticity	IER5	03_processed_data/transcriptomics/BrainSpan/DTHI_seed_modules/dthi_seed_gene_matching.tsv	8090fdea9df67a2626dc40c4ff6a9650d25fbdc1d2fa01d8accf84b4db125955	phase10A_R1	Pre-existing canonical Phase 1 DTHI seed-gene definition
activity_dependent_plasticity	JUN	03_processed_data/transcriptomics/BrainSpan/DTHI_seed_modules/dthi_seed_gene_matching.tsv	8090fdea9df67a2626dc40c4ff6a9650d25fbdc1d2fa01d8accf84b4db125955	phase10A_R1	Pre-existing canonical Phase 1 DTHI seed-gene definition
activity_dependent_plasticity	JUNB	03_processed_data/transcriptomics/BrainSpan/DTHI_seed_modules/dthi_seed_gene_matching.tsv	8090fdea9df67a2626dc40c4ff6a9650d25fbdc1d2fa01d8accf84b4db125955	phase10A_R1	Pre-existing canonical Phase 1 DTHI seed-gene definition
activity_dependent_plasticity	NPAS4	03_processed_data/transcriptomics/BrainSpan/DTHI_seed_modules/dthi_seed_gene_matching.tsv	8090fdea9df67a2626dc40c4ff6a9650d25fbdc1d2fa01d8accf84b4db125955	phase10A_R1	Pre-existing canonical Phase 1 DTHI seed-gene definition
activity_dependent_plasticity	NR4A1	03_processed_data/transcriptomics/BrainSpan/DTHI_seed_modules/dthi_seed_gene_matching.tsv	8090fdea9df67a2626dc40c4ff6a9650d25fbdc1d2fa01d8accf84b4db125955	phase10A_R1	Pre-existing canonical Phase 1 DTHI seed-gene definition
activity_dependent_plasticity	NR4A2	03_processed_data/transcriptomics/BrainSpan/DTHI_seed_modules/dthi_seed_gene_matching.tsv	8090fdea9df67a2626dc40c4ff6a9650d25fbdc1d2fa01d8accf84b4db125955	phase10A_R1	Pre-existing canonical Phase 1 DTHI seed-gene definition
activity_dependent_plasticity	NTRK2	03_processed_data/transcriptomics/BrainSpan/DTHI_seed_modules/dthi_seed_gene_matching.tsv	8090fdea9df67a2626dc40c4ff6a9650d25fbdc1d2fa01d8accf84b4db125955	phase10A_R1	Pre-existing canonical Phase 1 DTHI seed-gene definition
activity_dependent_plasticity	PPP3CA	03_processed_data/transcriptomics/BrainSpan/DTHI_seed_modules/dthi_seed_gene_matching.tsv	8090fdea9df67a2626dc40c4ff6a9650d25fbdc1d2fa01d8accf84b4db125955	phase10A_R1	Pre-existing canonical Phase 1 DTHI seed-gene definition
activity_dependent_plasticity	PPP3CB	03_processed_data/transcriptomics/BrainSpan/DTHI_seed_modules/dthi_seed_gene_matching.tsv	8090fdea9df67a2626dc40c4ff6a9650d25fbdc1d2fa01d8accf84b4db125955	phase10A_R1	Pre-existing canonical Phase 1 DTHI seed-gene definition
activity_dependent_plasticity	RGS2	03_processed_data/transcriptomics/BrainSpan/DTHI_seed_modules/dthi_seed_gene_matching.tsv	8090fdea9df67a2626dc40c4ff6a9650d25fbdc1d2fa01d8accf84b4db125955	phase10A_R1	Pre-existing canonical Phase 1 DTHI seed-gene definition
synaptic_membrane_structural_candidates	CADM1	03_processed_data/transcriptomics/BrainSpan/DTHI_seed_modules/dthi_seed_gene_matching.tsv	8090fdea9df67a2626dc40c4ff6a9650d25fbdc1d2fa01d8accf84b4db125955	phase10A_R1	Pre-existing canonical Phase 1 DTHI seed-gene definition
synaptic_membrane_structural_candidates	CADM2	03_processed_data/transcriptomics/BrainSpan/DTHI_seed_modules/dthi_seed_gene_matching.tsv	8090fdea9df67a2626dc40c4ff6a9650d25fbdc1d2fa01d8accf84b4db125955	phase10A_R1	Pre-existing canonical Phase 1 DTHI seed-gene definition
synaptic_membrane_structural_candidates	CADM3	03_processed_data/transcriptomics/BrainSpan/DTHI_seed_modules/dthi_seed_gene_matching.tsv	8090fdea9df67a2626dc40c4ff6a9650d25fbdc1d2fa01d8accf84b4db125955	phase10A_R1	Pre-existing canonical Phase 1 DTHI seed-gene definition
synaptic_membrane_structural_candidates	CDH10	03_processed_data/transcriptomics/BrainSpan/DTHI_seed_modules/dthi_seed_gene_matching.tsv	8090fdea9df67a2626dc40c4ff6a9650d25fbdc1d2fa01d8accf84b4db125955	phase10A_R1	Pre-existing canonical Phase 1 DTHI seed-gene definition
synaptic_membrane_structural_candidates	CDH11	03_processed_data/transcriptomics/BrainSpan/DTHI_seed_modules/dthi_seed_gene_matching.tsv	8090fdea9df67a2626dc40c4ff6a9650d25fbdc1d2fa01d8accf84b4db125955	phase10A_R1	Pre-existing canonical Phase 1 DTHI seed-gene definition
synaptic_membrane_structural_candidates	CDH2	03_processed_data/transcriptomics/BrainSpan/DTHI_seed_modules/dthi_seed_gene_matching.tsv	8090fdea9df67a2626dc40c4ff6a9650d25fbdc1d2fa01d8accf84b4db125955	phase10A_R1	Pre-existing canonical Phase 1 DTHI seed-gene definition
synaptic_membrane_structural_candidates	CDH8	03_processed_data/transcriptomics/BrainSpan/DTHI_seed_modules/dthi_seed_gene_matching.tsv	8090fdea9df67a2626dc40c4ff6a9650d25fbdc1d2fa01d8accf84b4db125955	phase10A_R1	Pre-existing canonical Phase 1 DTHI seed-gene definition
synaptic_membrane_structural_candidates	CNTN1	03_processed_data/transcriptomics/BrainSpan/DTHI_seed_modules/dthi_seed_gene_matching.tsv	8090fdea9df67a2626dc40c4ff6a9650d25fbdc1d2fa01d8accf84b4db125955	phase10A_R1	Pre-existing canonical Phase 1 DTHI seed-gene definition
synaptic_membrane_structural_candidates	CNTN2	03_processed_data/transcriptomics/BrainSpan/DTHI_seed_modules/dthi_seed_gene_matching.tsv	8090fdea9df67a2626dc40c4ff6a9650d25fbdc1d2fa01d8accf84b4db125955	phase10A_R1	Pre-existing canonical Phase 1 DTHI seed-gene definition
synaptic_membrane_structural_candidates	CNTNAP1	03_processed_data/transcriptomics/BrainSpan/DTHI_seed_modules/dthi_seed_gene_matching.tsv	8090fdea9df67a2626dc40c4ff6a9650d25fbdc1d2fa01d8accf84b4db125955	phase10A_R1	Pre-existing canonical Phase 1 DTHI seed-gene definition
synaptic_membrane_structural_candidates	CNTNAP2	03_processed_data/transcriptomics/BrainSpan/DTHI_seed_modules/dthi_seed_gene_matching.tsv	8090fdea9df67a2626dc40c4ff6a9650d25fbdc1d2fa01d8accf84b4db125955	phase10A_R1	Pre-existing canonical Phase 1 DTHI seed-gene definition
synaptic_membrane_structural_candidates	DCC	03_processed_data/transcriptomics/BrainSpan/DTHI_seed_modules/dthi_seed_gene_matching.tsv	8090fdea9df67a2626dc40c4ff6a9650d25fbdc1d2fa01d8accf84b4db125955	phase10A_R1	Pre-existing canonical Phase 1 DTHI seed-gene definition
synaptic_membrane_structural_candidates	EFNB2	03_processed_data/transcriptomics/BrainSpan/DTHI_seed_modules/dthi_seed_gene_matching.tsv	8090fdea9df67a2626dc40c4ff6a9650d25fbdc1d2fa01d8accf84b4db125955	phase10A_R1	Pre-existing canonical Phase 1 DTHI seed-gene definition
synaptic_membrane_structural_candidates	EPHA4	03_processed_data/transcriptomics/BrainSpan/DTHI_seed_modules/dthi_seed_gene_matching.tsv	8090fdea9df67a2626dc40c4ff6a9650d25fbdc1d2fa01d8accf84b4db125955	phase10A_R1	Pre-existing canonical Phase 1 DTHI seed-gene definition
synaptic_membrane_structural_candidates	EPHB2	03_processed_data/transcriptomics/BrainSpan/DTHI_seed_modules/dthi_seed_gene_matching.tsv	8090fdea9df67a2626dc40c4ff6a9650d25fbdc1d2fa01d8accf84b4db125955	phase10A_R1	Pre-existing canonical Phase 1 DTHI seed-gene definition
synaptic_membrane_structural_candidates	ITGA3	03_processed_data/transcriptomics/BrainSpan/DTHI_seed_modules/dthi_seed_gene_matching.tsv	8090fdea9df67a2626dc40c4ff6a9650d25fbdc1d2fa01d8accf84b4db125955	phase10A_R1	Pre-existing canonical Phase 1 DTHI seed-gene definition
synaptic_membrane_structural_candidates	ITGA5	03_processed_data/transcriptomics/BrainSpan/DTHI_seed_modules/dthi_seed_gene_matching.tsv	8090fdea9df67a2626dc40c4ff6a9650d25fbdc1d2fa01d8accf84b4db125955	phase10A_R1	Pre-existing canonical Phase 1 DTHI seed-gene definition
synaptic_membrane_structural_candidates	ITGB1	03_processed_data/transcriptomics/BrainSpan/DTHI_seed_modules/dthi_seed_gene_matching.tsv	8090fdea9df67a2626dc40c4ff6a9650d25fbdc1d2fa01d8accf84b4db125955	phase10A_R1	Pre-existing canonical Phase 1 DTHI seed-gene definition
synaptic_membrane_structural_candidates	L1CAM	03_processed_data/transcriptomics/BrainSpan/DTHI_seed_modules/dthi_seed_gene_matching.tsv	8090fdea9df67a2626dc40c4ff6a9650d25fbdc1d2fa01d8accf84b4db125955	phase10A_R1	Pre-existing canonical Phase 1 DTHI seed-gene definition
synaptic_membrane_structural_candidates	LRRTM1	03_processed_data/transcriptomics/BrainSpan/DTHI_seed_modules/dthi_seed_gene_matching.tsv	8090fdea9df67a2626dc40c4ff6a9650d25fbdc1d2fa01d8accf84b4db125955	phase10A_R1	Pre-existing canonical Phase 1 DTHI seed-gene definition
synaptic_membrane_structural_candidates	LRRTM2	03_processed_data/transcriptomics/BrainSpan/DTHI_seed_modules/dthi_seed_gene_matching.tsv	8090fdea9df67a2626dc40c4ff6a9650d25fbdc1d2fa01d8accf84b4db125955	phase10A_R1	Pre-existing canonical Phase 1 DTHI seed-gene definition
synaptic_membrane_structural_candidates	LRRTM3	03_processed_data/transcriptomics/BrainSpan/DTHI_seed_modules/dthi_seed_gene_matching.tsv	8090fdea9df67a2626dc40c4ff6a9650d25fbdc1d2fa01d8accf84b4db125955	phase10A_R1	Pre-existing canonical Phase 1 DTHI seed-gene definition
synaptic_membrane_structural_candidates	LRRTM4	03_processed_data/transcriptomics/BrainSpan/DTHI_seed_modules/dthi_seed_gene_matching.tsv	8090fdea9df67a2626dc40c4ff6a9650d25fbdc1d2fa01d8accf84b4db125955	phase10A_R1	Pre-existing canonical Phase 1 DTHI seed-gene definition
synaptic_membrane_structural_candidates	NCAM1	03_processed_data/transcriptomics/BrainSpan/DTHI_seed_modules/dthi_seed_gene_matching.tsv	8090fdea9df67a2626dc40c4ff6a9650d25fbdc1d2fa01d8accf84b4db125955	phase10A_R1	Pre-existing canonical Phase 1 DTHI seed-gene definition
synaptic_membrane_structural_candidates	NLGN1	03_processed_data/transcriptomics/BrainSpan/DTHI_seed_modules/dthi_seed_gene_matching.tsv	8090fdea9df67a2626dc40c4ff6a9650d25fbdc1d2fa01d8accf84b4db125955	phase10A_R1	Pre-existing canonical Phase 1 DTHI seed-gene definition
synaptic_membrane_structural_candidates	NLGN2	03_processed_data/transcriptomics/BrainSpan/DTHI_seed_modules/dthi_seed_gene_matching.tsv	8090fdea9df67a2626dc40c4ff6a9650d25fbdc1d2fa01d8accf84b4db125955	phase10A_R1	Pre-existing canonical Phase 1 DTHI seed-gene definition
synaptic_membrane_structural_candidates	NLGN3	03_processed_data/transcriptomics/BrainSpan/DTHI_seed_modules/dthi_seed_gene_matching.tsv	8090fdea9df67a2626dc40c4ff6a9650d25fbdc1d2fa01d8accf84b4db125955	phase10A_R1	Pre-existing canonical Phase 1 DTHI seed-gene definition
synaptic_membrane_structural_candidates	NLGN4X	03_processed_data/transcriptomics/BrainSpan/DTHI_seed_modules/dthi_seed_gene_matching.tsv	8090fdea9df67a2626dc40c4ff6a9650d25fbdc1d2fa01d8accf84b4db125955	phase10A_R1	Pre-existing canonical Phase 1 DTHI seed-gene definition
synaptic_membrane_structural_candidates	NRXN1	03_processed_data/transcriptomics/BrainSpan/DTHI_seed_modules/dthi_seed_gene_matching.tsv	8090fdea9df67a2626dc40c4ff6a9650d25fbdc1d2fa01d8accf84b4db125955	phase10A_R1	Pre-existing canonical Phase 1 DTHI seed-gene definition
synaptic_membrane_structural_candidates	NRXN2	03_processed_data/transcriptomics/BrainSpan/DTHI_seed_modules/dthi_seed_gene_matching.tsv	8090fdea9df67a2626dc40c4ff6a9650d25fbdc1d2fa01d8accf84b4db125955	phase10A_R1	Pre-existing canonical Phase 1 DTHI seed-gene definition
synaptic_membrane_structural_candidates	NRXN3	03_processed_data/transcriptomics/BrainSpan/DTHI_seed_modules/dthi_seed_gene_matching.tsv	8090fdea9df67a2626dc40c4ff6a9650d25fbdc1d2fa01d8accf84b4db125955	phase10A_R1	Pre-existing canonical Phase 1 DTHI seed-gene definition
synaptic_membrane_structural_candidates	PCDH10	03_processed_data/transcriptomics/BrainSpan/DTHI_seed_modules/dthi_seed_gene_matching.tsv	8090fdea9df67a2626dc40c4ff6a9650d25fbdc1d2fa01d8accf84b4db125955	phase10A_R1	Pre-existing canonical Phase 1 DTHI seed-gene definition
synaptic_membrane_structural_candidates	PCDH17	03_processed_data/transcriptomics/BrainSpan/DTHI_seed_modules/dthi_seed_gene_matching.tsv	8090fdea9df67a2626dc40c4ff6a9650d25fbdc1d2fa01d8accf84b4db125955	phase10A_R1	Pre-existing canonical Phase 1 DTHI seed-gene definition
synaptic_membrane_structural_candidates	PCDH7	03_processed_data/transcriptomics/BrainSpan/DTHI_seed_modules/dthi_seed_gene_matching.tsv	8090fdea9df67a2626dc40c4ff6a9650d25fbdc1d2fa01d8accf84b4db125955	phase10A_R1	Pre-existing canonical Phase 1 DTHI seed-gene definition
synaptic_membrane_structural_candidates	PCDH9	03_processed_data/transcriptomics/BrainSpan/DTHI_seed_modules/dthi_seed_gene_matching.tsv	8090fdea9df67a2626dc40c4ff6a9650d25fbdc1d2fa01d8accf84b4db125955	phase10A_R1	Pre-existing canonical Phase 1 DTHI seed-gene definition
synaptic_membrane_structural_candidates	PLXNA1	03_processed_data/transcriptomics/BrainSpan/DTHI_seed_modules/dthi_seed_gene_matching.tsv	8090fdea9df67a2626dc40c4ff6a9650d25fbdc1d2fa01d8accf84b4db125955	phase10A_R1	Pre-existing canonical Phase 1 DTHI seed-gene definition
synaptic_membrane_structural_candidates	SEMA3A	03_processed_data/transcriptomics/BrainSpan/DTHI_seed_modules/dthi_seed_gene_matching.tsv	8090fdea9df67a2626dc40c4ff6a9650d25fbdc1d2fa01d8accf84b4db125955	phase10A_R1	Pre-existing canonical Phase 1 DTHI seed-gene definition
synaptic_membrane_structural_candidates	UNC5C	03_processed_data/transcriptomics/BrainSpan/DTHI_seed_modules/dthi_seed_gene_matching.tsv	8090fdea9df67a2626dc40c4ff6a9650d25fbdc1d2fa01d8accf84b4db125955	phase10A_R1	Pre-existing canonical Phase 1 DTHI seed-gene definition
