reference_dataset	dataset	target_cell_class	module	retained_genes	target_n	other_n	target_mean_score	other_mean_score	mean_difference	median_difference	mannwhitney_p	fdr_bh
GSE104276_developmental	GSE104276	NPC	patterning_arealization	25	8	27	0.21044004	-0.062352624	0.27279267	0.27127773	0.067074105143547	0.2333714252009111
GSE104276_developmental	GSE104276	NPC	progenitor_radial_glia	12	8	27	0.787989	-0.23347823	1.0214672	1.1952673	8.157778211170807e-06	0.0004405200234032
GSE104276_developmental	GSE104276	NPC	neurogenesis_migration_layering	23	8	27	-0.2554113	0.07567743	-0.33108872	-0.44979656	0.1128383055329322	0.3046634249389172
GSE104276_developmental	GSE104276	NPC	axon_guidance_neurite_outgrowth	29	8	27	-0.32653937	0.09675241	-0.42329177	-0.5512119	0.0734687820076942	0.2333714252009111
GSE104276_developmental	GSE104276	NPC	synaptic_assembly_receptor_trafficking	34	8	27	-0.6200714	0.18372487	-0.8037963	-0.93571454	0.0002229792735306	0.0040136269235517
GSE104276_developmental	GSE104276	NPC	astrocyte_maturation_metabolic_support	19	8	27	-0.08262077	0.02448024	-0.10710101	0.08009466	0.8624699711799622	0.8787429895041123
GSE104276_developmental	GSE104276	NPC	oligodendrocyte_myelination	20	8	27	-0.3802232	0.11265873	-0.49288195	-0.40593383	0.067074105143547	0.2333714252009111
GSE104276_developmental	GSE104276	NPC	activity_dependent_plasticity	25	8	27	-0.29287988	0.086779214	-0.3796591	-0.26429224	0.0171895436942577	0.1139217093586921
GSE104276_developmental	GSE104276	NPC	synaptic_membrane_structural_candidates	38	8	27	-0.35016635	0.10375303	-0.45391938	-0.5294915	0.0373488590121269	0.2016838386654854
GSE104276_developmental	GSE104276	OPC	patterning_arealization	27	4	31	-0.072838575	0.0093985265	-0.0822371	-0.30365553	0.6347593665122986	0.7292979955673218
GSE104276_developmental	GSE104276	OPC	progenitor_radial_glia	25	4	31	0.36821616	-0.047511823	0.41572797	0.54311883	0.1761650145053863	0.3523300290107727
GSE104276_developmental	GSE104276	OPC	neurogenesis_migration_layering	24	4	31	-0.41504967	0.053554803	-0.46860448	-0.46785527	0.0564171113073825	0.2333714252009111
GSE104276_developmental	GSE104276	OPC	axon_guidance_neurite_outgrowth	29	4	31	-0.1634013	0.021084035	-0.18448535	-0.23840374	0.4366310238838196	0.6534453794360161
GSE104276_developmental	GSE104276	OPC	synaptic_assembly_receptor_trafficking	34	4	31	0.3318354	-0.042817473	0.37465286	0.29985896	0.1940030604600906	0.3641632312330706
GSE104276_developmental	GSE104276	OPC	astrocyte_maturation_metabolic_support	19	4	31	0.32889384	-0.042437904	0.37133175	0.61633027	0.0823911353945732	0.2471734061837196
GSE104276_developmental	GSE104276	OPC	oligodendrocyte_myelination	14	4	31	1.3758653	-0.17753103	1.5533963	1.6521794	0.000152788386913	0.0040136269235517
GSE104276_developmental	GSE104276	OPC	activity_dependent_plasticity	25	4	31	0.30626816	-0.03951848	0.34578663	0.34852418	0.0728800594806671	0.2333714252009111
GSE104276_developmental	GSE104276	OPC	synaptic_membrane_structural_candidates	38	4	31	0.3385392	-0.043682452	0.38222167	0.42067212	0.1296791434288025	0.3183033520525152
GSE104276_developmental	GSE104276	astrocyte	patterning_arealization	27	2	33	0.37780207	-0.022897098	0.40069917	0.35866156	0.1210084035992622	0.3111644663981029
GSE104276_developmental	GSE104276	astrocyte	progenitor_radial_glia	26	2	33	0.22155195	-0.01342742	0.23497938	0.37348345	0.4840336143970489	0.6534453794360161
GSE104276_developmental	GSE104276	astrocyte	neurogenesis_migration_layering	24	2	33	-0.74353534	0.045062747	-0.78859806	-0.9265339	0.2722689211368561	0.4766767870995306
GSE104276_developmental	GSE104276	astrocyte	axon_guidance_neurite_outgrowth	29	2	33	-0.16384238	0.009929844	-0.17377223	-0.23771286	0.8067227005958557	0.8541769771014943
GSE104276_developmental	GSE104276	astrocyte	synaptic_assembly_receptor_trafficking	34	2	33	0.060524136	-0.0036681304	0.064192265	0.018313088	0.8605042099952698	0.8787429895041123
GSE104276_developmental	GSE104276	astrocyte	astrocyte_maturation_metabolic_support	4	2	33	1.5573717	-0.094386175	1.651758	1.8873348	0.0500954911112785	0.2333714252009111
GSE104276_developmental	GSE104276	astrocyte	oligodendrocyte_myelination	20	2	33	0.037660882	-0.0022824632	0.039943345	0.22988044	0.5243697762489319	0.6568974446166645
GSE104276_developmental	GSE104276	astrocyte	activity_dependent_plasticity	25	2	33	0.20376685	-0.0123495115	0.21611637	0.29425126	0.5243697762489319	0.6568974446166645
GSE104276_developmental	GSE104276	astrocyte	synaptic_membrane_structural_candidates	38	2	33	0.24895361	-0.0150880655	0.26404166	0.21356186	0.6117647290229797	0.7181585949400197
GSE104276_developmental	GSE104276	excitatory_neuron	patterning_arealization	26	12	23	-0.08696402	0.045372523	-0.13233654	-0.23792563	0.375517189502716	0.6021215757902931
GSE104276_developmental	GSE104276	excitatory_neuron	progenitor_radial_glia	26	12	23	-0.39447168	0.20581128	-0.60028297	-0.56062776	0.0063707325607538	0.049145651182958
GSE104276_developmental	GSE104276	excitatory_neuron	neurogenesis_migration_layering	14	12	23	0.4489999	-0.23426089	0.6832608	0.63746667	0.0005444765556603	0.0058803468011319
GSE104276_developmental	GSE104276	excitatory_neuron	axon_guidance_neurite_outgrowth	29	12	23	0.24137338	-0.12593397	0.36730736	0.29017085	0.0582242272794246	0.2333714252009111
GSE104276_developmental	GSE104276	excitatory_neuron	synaptic_assembly_receptor_trafficking	32	12	23	0.16591458	-0.08656411	0.2524787	0.25038248	0.2736477851867676	0.4766767870995306
GSE104276_developmental	GSE104276	excitatory_neuron	astrocyte_maturation_metabolic_support	19	12	23	-0.27049902	0.14112996	-0.41162896	-0.2604932	0.018986951559782	0.1139217093586921
GSE104276_developmental	GSE104276	excitatory_neuron	oligodendrocyte_myelination	20	12	23	-0.27091298	0.1413459	-0.41225886	-0.14700496	0.1492390185594558	0.3357877917587757
GSE104276_developmental	GSE104276	excitatory_neuron	activity_dependent_plasticity	23	12	23	-0.12776114	0.06665801	-0.19441915	-0.034234785	0.375517189502716	0.6021215757902931
GSE104276_developmental	GSE104276	excitatory_neuron	synaptic_membrane_structural_candidates	38	12	23	0.08537664	-0.044544283	0.12992093	0.1554788	0.4342562854290008	0.6534453794360161
GSE104276_developmental	GSE104276	inhibitory_neuron	patterning_arealization	27	6	29	-0.08228954	0.017025417	-0.09931496	0.0048936307	0.5352497696876526	0.6568974446166645
GSE104276_developmental	GSE104276	inhibitory_neuron	progenitor_radial_glia	26	6	29	-0.34873173	0.07215135	-0.42088306	-0.34910133	0.1724019795656204	0.3523300290107727
GSE104276_developmental	GSE104276	inhibitory_neuron	neurogenesis_migration_layering	23	6	29	0.18439569	-0.03815083	0.22254652	0.2521063	0.3791135847568512	0.6021215757902931
GSE104276_developmental	GSE104276	inhibitory_neuron	axon_guidance_neurite_outgrowth	29	6	29	0.14938831	-0.030907927	0.18029624	0.038261905	0.480048805475235	0.6534453794360161
GSE104276_developmental	GSE104276	inhibitory_neuron	synaptic_assembly_receptor_trafficking	34	6	29	0.3664923	-0.07582596	0.44231826	0.4493097	0.1458278894424438	0.3357877917587757
GSE104276_developmental	GSE104276	inhibitory_neuron	astrocyte_maturation_metabolic_support	19	6	29	-0.13765971	0.028481327	-0.16614103	-0.107437156	0.6539478302001953	0.7356913089752197
GSE104276_developmental	GSE104276	inhibitory_neuron	oligodendrocyte_myelination	20	6	29	0.018832052	-0.0038962837	0.022728335	0.2567905	0.480048805475235	0.6534453794360161
GSE104276_developmental	GSE104276	inhibitory_neuron	activity_dependent_plasticity	25	6	29	-0.15639912	0.032358434	-0.18875755	-0.024475396	0.5352497696876526	0.6568974446166645
GSE104276_developmental	GSE104276	inhibitory_neuron	synaptic_membrane_structural_candidates	38	6	29	0.15795429	-0.032680165	0.19063446	0.14103045	0.480048805475235	0.6534453794360161
GSE104276_developmental	GSE104276	microglia	patterning_arealization	27	3	32	-0.5086234	0.04768344	-0.55630684	-0.5283525	0.0048892283812165	0.0440030554309487
GSE104276_developmental	GSE104276	microglia	progenitor_radial_glia	26	3	32	-0.51984406	0.04873535	-0.56857944	-0.45546404	0.095951110124588	0.2727031550909343
GSE104276_developmental	GSE104276	microglia	neurogenesis_migration_layering	24	3	32	-0.31701425	0.029720088	-0.34673434	-0.27990073	0.1955691426992416	0.3641632312330706
GSE104276_developmental	GSE104276	microglia	axon_guidance_neurite_outgrowth	29	3	32	-0.06640191	0.00622518	-0.07262708	0.0070604533	0.7599694132804871	0.820766966342926
GSE104276_developmental	GSE104276	microglia	synaptic_assembly_receptor_trafficking	34	3	32	-0.20120811	0.018863268	-0.22007138	-0.49691877	0.5558441281318665	0.6670129537582398
GSE104276_developmental	GSE104276	microglia	astrocyte_maturation_metabolic_support	19	3	32	-0.08749443	0.008202618	-0.09569705	0.123393364	0.7174942493438721	0.790707948256512
GSE104276_developmental	GSE104276	microglia	oligodendrocyte_myelination	20	3	32	-0.15693782	0.014712937	-0.17165077	-0.070432335	1.0	1.0
GSE104276_developmental	GSE104276	microglia	activity_dependent_plasticity	25	3	32	1.0002798	-0.09377624	1.094056	1.0786896	0.000305576773826	0.0041252864466514
GSE104276_developmental	GSE104276	microglia	synaptic_membrane_structural_candidates	38	3	32	-0.3409926	0.031968094	-0.3729607	-0.3619624	0.1570664644241333	0.3392635631561279
Allen_adult_cortex	Allen_human_ctx	astrocyte	patterning_arealization	21	3	117	0.7678022450664885	-0.0196872370529868	0.7874894821194754	0.8879616157149276	0.0004771400085457	0.0015615491188771
Allen_adult_cortex	Allen_human_ctx	astrocyte	progenitor_radial_glia	20	3	117	1.5508750786772831	-0.0397660276583918	1.5906411063356751	1.7880187701421368	7.121492664862555e-06	3.20467169918815e-05
Allen_adult_cortex	Allen_human_ctx	astrocyte	neurogenesis_migration_layering	22	3	117	-1.1240631410279895	0.0288221318212303	-1.1528852728492198	-1.203840988292759	0.0019512889901723	0.0039457983870915
Allen_adult_cortex	Allen_human_ctx	astrocyte	axon_guidance_neurite_outgrowth	29	3	117	-0.4640382796764156	0.0118984174276003	-0.475936697104016	-0.4706851679605575	0.004557755305512	0.0082039595499216
Allen_adult_cortex	Allen_human_ctx	astrocyte	synaptic_assembly_receptor_trafficking	34	3	117	-1.849688860134284	0.0474279194906225	-1.8971167796249069	-2.072978552607624	0.0019512889901723	0.0039457983870915
Allen_adult_cortex	Allen_human_ctx	astrocyte	astrocyte_maturation_metabolic_support	4	3	117	3.710904265789331	-0.0951513914304956	3.8060556572198263	4.312122171905659	0.0019728991935457	0.0039457983870915
Allen_adult_cortex	Allen_human_ctx	astrocyte	oligodendrocyte_myelination	20	3	117	-0.1517950912805894	0.0038921818277074	-0.1556872731082969	-0.0398492405520322	0.2326915526156061	0.2702224481987684
Allen_adult_cortex	Allen_human_ctx	astrocyte	activity_dependent_plasticity	23	3	117	-0.0904563077449803	0.0023193925062816	-0.0927757002512619	-0.4074429973541607	0.4386554621848739	0.4934873949579831
Allen_adult_cortex	Allen_human_ctx	astrocyte	synaptic_membrane_structural_candidates	37	3	117	-1.083861060938637	0.027791309254837	-1.111652370193474	-1.247201001894511	0.000875943597778	0.0026278307933342
Allen_adult_cortex	Allen_human_ctx	excitatory_neuron	patterning_arealization	20	56	64	0.050971505376301	-0.0446000672042633	0.0955715725805643	0.1571772951915279	0.0011189179095804	0.0028811524609843
Allen_adult_cortex	Allen_human_ctx	excitatory_neuron	progenitor_radial_glia	20	56	64	-0.0863757641852636	0.0755787936621056	-0.1619545578473692	-0.0114064858757153	0.2273365080278803	0.2702224481987684
Allen_adult_cortex	Allen_human_ctx	excitatory_neuron	neurogenesis_migration_layering	12	56	64	0.1882412894948184	-0.1647111283079663	0.3529524178027847	0.0117005178837761	0.0506755764344362	0.067567435245915
Allen_adult_cortex	Allen_human_ctx	excitatory_neuron	axon_guidance_neurite_outgrowth	29	56	64	0.2616524379397985	-0.2289458831973238	0.4905983211371223	0.5083305532822178	2.905099804668187e-13	5.229179648402736e-12
Allen_adult_cortex	Allen_human_ctx	excitatory_neuron	synaptic_assembly_receptor_trafficking	32	56	64	0.323361768734982	-0.2829415476431094	0.6063033163780914	0.3095731806347899	1.5157102519009664e-11	1.0913113813686957e-10
Allen_adult_cortex	Allen_human_ctx	excitatory_neuron	astrocyte_maturation_metabolic_support	19	56	64	-0.1027919397635563	0.0899429472931117	-0.192734887056668	-0.0293275188714649	0.4694974644277754	0.5121790521030276
Allen_adult_cortex	Allen_human_ctx	excitatory_neuron	oligodendrocyte_myelination	20	56	64	-0.1059405252634841	0.0926979596055486	-0.1986384848690328	0.010826411101303	0.0384562078095323	0.0532470569670447
Allen_adult_cortex	Allen_human_ctx	excitatory_neuron	activity_dependent_plasticity	21	56	64	0.3289373474454667	-0.2878201790147832	0.61675752646025	0.5693061915392938	1.268974194818738e-18	4.568307101347457e-17
Allen_adult_cortex	Allen_human_ctx	excitatory_neuron	synaptic_membrane_structural_candidates	37	56	64	0.3003642278176749	-0.2628186993404651	0.5631829271581401	0.4211171593262853	4.8650706530636794e-12	4.378563587757312e-11
Allen_adult_cortex	Allen_human_ctx	inhibitory_neuron	patterning_arealization	21	54	66	-0.0773611753725049	0.0632955071229586	-0.1406566824954635	-0.214430113237609	0.0012110622304816	0.002906549353156
Allen_adult_cortex	Allen_human_ctx	inhibitory_neuron	progenitor_radial_glia	20	54	66	-0.0039342420887849	0.0032189253453694	-0.0071531674341543	-0.0001061516943182	0.7416322984842958	0.7456220105546771
Allen_adult_cortex	Allen_human_ctx	inhibitory_neuron	neurogenesis_migration_layering	21	54	66	-0.1145271168554111	0.0937040046998816	-0.2082311215552927	-0.4557231182924666	2.9958036329551153e-09	1.7974821797730693e-08
Allen_adult_cortex	Allen_human_ctx	inhibitory_neuron	axon_guidance_neurite_outgrowth	29	54	66	-0.144910474324296	0.1185631153562421	-0.2634735896805381	-0.435350622943812	3.0740561868589003e-06	1.5809431818131488e-05
Allen_adult_cortex	Allen_human_ctx	inhibitory_neuron	synaptic_assembly_receptor_trafficking	34	54	66	0.0309565309904482	-0.0253280708103668	0.0562846018008151	-0.2653236629696394	8.192885545898206e-06	3.2771542183592824e-05
Allen_adult_cortex	Allen_human_ctx	inhibitory_neuron	astrocyte_maturation_metabolic_support	19	54	66	-0.0804407637048981	0.0658151703040074	-0.1462559340089056	0.0293275188714649	0.7456220105546771	0.7456220105546771
Allen_adult_cortex	Allen_human_ctx	inhibitory_neuron	oligodendrocyte_myelination	20	54	66	-0.1262353272706342	0.1032834495850643	-0.2295187768556985	-0.0165737810026709	0.0090927945052126	0.0142322000951154
Allen_adult_cortex	Allen_human_ctx	inhibitory_neuron	activity_dependent_plasticity	23	54	66	-0.2441019202671315	0.199719752945835	-0.4438216732129665	-0.5398084639344676	3.146537836233769e-12	3.775845403480523e-11
Allen_adult_cortex	Allen_human_ctx	inhibitory_neuron	synaptic_membrane_structural_candidates	37	54	66	-0.0591535903714916	0.0483983921221299	-0.1075519824936216	-0.3120223500440942	4.814595878327073e-05	0.0001733254516197
Allen_adult_cortex	Allen_human_ctx	oligodendrocyte	patterning_arealization	21	2	118	-0.3456377861801032	0.0058582675623746	-0.3514960537424779	-0.2973206702558008	0.0280112044817927	0.0403361344537815
Allen_adult_cortex	Allen_human_ctx	oligodendrocyte	progenitor_radial_glia	20	2	118	-0.2275390883607111	0.0038565947179781	-0.2313956830786893	-0.1373442547160028	0.0549019607843137	0.0705882352941176
Allen_adult_cortex	Allen_human_ctx	oligodendrocyte	neurogenesis_migration_layering	22	2	118	-1.336804038885698	0.0226576955743337	-1.3594617344600315	-1.4127862422513038	0.0056022408963585	0.0096038415366146
Allen_adult_cortex	Allen_human_ctx	oligodendrocyte	axon_guidance_neurite_outgrowth	29	2	118	-0.2661046509072341	0.0045102483204615	-0.2706148992276956	-0.2426567730087426	0.1966386554621849	0.2441031585047812
Allen_adult_cortex	Allen_human_ctx	oligodendrocyte	synaptic_assembly_receptor_trafficking	34	2	118	-2.0261804484103867	0.034342041498481	-2.060522489908868	-2.209763158321133	0.0070028011204481	0.0114591291061879
Allen_adult_cortex	Allen_human_ctx	oligodendrocyte	astrocyte_maturation_metabolic_support	19	2	118	0.0054100602677249	-9.16959367411702e-05	0.0055017562044661	0.0930709073649392	0.5422969187675074	0.5741967375185373
Allen_adult_cortex	Allen_human_ctx	oligodendrocyte	oligodendrocyte_myelination	7	2	118	3.036893216893313	-0.0514727663880222	3.0883659832813355	3.186251776617988	0.0034889864599928	0.0066107111873548
Allen_adult_cortex	Allen_human_ctx	oligodendrocyte	activity_dependent_plasticity	23	2	118	-1.1236940197651577	0.0190456613519519	-1.1427396811171096	-0.9941117308160176	0.0011204481792717	0.0028811524609843
Allen_adult_cortex	Allen_human_ctx	oligodendrocyte	synaptic_membrane_structural_candidates	37	2	118	-0.9097156591953272	0.0154189094778871	-0.9251345686732144	-0.9908130029383986	0.0156862745098039	0.0235294117647058
