broad_compartment	module	units	mean_score	sd_score	median_score	q25_score	q75_score
oSVZ	activity_dependent_plasticity	1144	-0.109877020941843	0.303117830776361	-0.180575198563527	-0.316231014788297	0.0139803183811721
CP_layer3	activity_dependent_plasticity	87	0.34720223549585	0.259843716492972	0.334827436276783	0.183611658053393	0.53767673567086
CP_layer4	activity_dependent_plasticity	358	0.731400559748511	0.605268203721503	0.630807425372785	0.427572834565165	0.926924658493869
SP	activity_dependent_plasticity	400	-0.242665119351374	0.140971006399388	-0.272629173680472	-0.335595854624153	-0.175508805164599
VZ	activity_dependent_plasticity	272	0.397202452766841	0.529790954917369	0.29716741262458	0.0260246475051122	0.669487268142261
CP_layers5_6	activity_dependent_plasticity	281	-0.0248889112872621	0.256384889465152	-0.0706980481481696	-0.20189400691697	0.0856457835027666
UNRESOLVED	activity_dependent_plasticity	128	-0.438416960428949	0.0796501476224998	-0.462686503664247	-0.495351419882107	-0.407005811312407
iSVZ	activity_dependent_plasticity	378	-0.0493441826486654	0.298372890696927	-0.124939109019436	-0.251321338682167	0.0310458162933591
IZ	activity_dependent_plasticity	283	-0.344374580828794	0.103857484402407	-0.364928794231935	-0.405413222926648	-0.305664280307022
CP_layers2_3	activity_dependent_plasticity	147	0.0195684504379567	0.498079443897929	-0.179591595185541	-0.376245862235134	0.325244233359361
CP_layer2	activity_dependent_plasticity	113	-0.00864603650157668	0.272564065565209	-0.0605693732825552	-0.218701582952572	0.166706060294865
oSVZ	astrocyte_maturation_metabolic_support	1144	0.0896729406356396	0.531247984091405	-0.0446899258893863	-0.274808097941862	0.292131064190666
CP_layer3	astrocyte_maturation_metabolic_support	87	-0.199627189984832	0.14696298017833	-0.226847409908168	-0.294994255071653	-0.107297160497244
CP_layer4	astrocyte_maturation_metabolic_support	358	-0.018730038460358	0.305055031905929	-0.072544478473911	-0.181402282046889	0.0765723603503941
SP	astrocyte_maturation_metabolic_support	400	-0.336016468675419	0.161165312775996	-0.380805525913861	-0.443568028870545	-0.274140776606138
VZ	astrocyte_maturation_metabolic_support	272	1.15513762919826	1.01773510815184	0.9744168633555	0.489863028288061	1.52419243856653
CP_layers5_6	astrocyte_maturation_metabolic_support	281	-0.292875588527497	0.150776288427627	-0.318574679168053	-0.387281785502348	-0.22722554205855
UNRESOLVED	astrocyte_maturation_metabolic_support	128	-0.522172110671284	0.0500691060528844	-0.537683254580266	-0.554994334816021	-0.5087714838203
iSVZ	astrocyte_maturation_metabolic_support	378	0.225013645280785	0.50731681297998	0.0662443164450288	-0.108696688874211	0.4260497914403
IZ	astrocyte_maturation_metabolic_support	283	-0.414253755764498	0.108120956245603	-0.44090620828065	-0.481015481921324	-0.374867679731532
CP_layers2_3	astrocyte_maturation_metabolic_support	147	-0.289794999524707	0.240074613580401	-0.377877729364728	-0.484107412959853	-0.12356959352413
CP_layer2	astrocyte_maturation_metabolic_support	113	-0.304329044459673	0.150919492178991	-0.313455602248965	-0.415220740206945	-0.230189257891988
oSVZ	axon_guidance_neurite_outgrowth	1144	-0.039589863393357	0.471811247095056	-0.140153769346921	-0.348750764753782	0.13556841697254
CP_layer3	axon_guidance_neurite_outgrowth	87	0.357347075786433	0.315146755552491	0.378139099815295	0.151120135268578	0.53727609146121
CP_layer4	axon_guidance_neurite_outgrowth	358	0.978228929473756	0.889795596181057	0.83292536806288	0.456667151994856	1.27442754235605
SP	axon_guidance_neurite_outgrowth	400	-0.293811702803577	0.215980202880016	-0.332731413227532	-0.442118244575707	-0.198768624594882
VZ	axon_guidance_neurite_outgrowth	272	0.0733860537387051	0.463686674140613	0.00455934144647346	-0.199724553227695	0.250109850709835
CP_layers5_6	axon_guidance_neurite_outgrowth	281	-0.114747501811545	0.295580154325665	-0.166536643133781	-0.312512994576576	0.00497839178067649
UNRESOLVED	axon_guidance_neurite_outgrowth	128	-0.634732437896484	0.0841473371409275	-0.659093419523329	-0.699084937177921	-0.572685069524268
iSVZ	axon_guidance_neurite_outgrowth	378	-0.113536230795882	0.347394831444333	-0.182121404440197	-0.356602852953881	0.0126202181665774
IZ	axon_guidance_neurite_outgrowth	283	-0.392357213611357	0.165443228236445	-0.417931566362584	-0.501703741350002	-0.326029978990286
CP_layers2_3	axon_guidance_neurite_outgrowth	147	0.175980334987246	0.762091133725797	-0.0497682816684936	-0.469383833462571	0.718640060833537
CP_layer2	axon_guidance_neurite_outgrowth	113	0.0277327733717289	0.408665376518575	-0.0431203110495548	-0.292862556100854	0.265529820215492
oSVZ	neurogenesis_migration_layering	1144	-0.118834299987733	0.433315528533647	-0.232547589003175	-0.414508507875876	0.0598553177746078
CP_layer3	neurogenesis_migration_layering	87	0.877542703828422	0.438346876705011	0.917009906805823	0.654205412345547	1.15544597397221
CP_layer4	neurogenesis_migration_layering	358	1.20760069112609	0.964390775785919	1.03236283641215	0.701892428954923	1.53017014242197
SP	neurogenesis_migration_layering	400	-0.3495042015504	0.19063333942181	-0.395981779193565	-0.467859744968862	-0.268305789773584
VZ	neurogenesis_migration_layering	272	-0.0709005620261842	0.404052786364168	-0.139114738588144	-0.320865082911584	0.0821646516035655
CP_layers5_6	neurogenesis_migration_layering	281	-0.111859003712917	0.291921471790233	-0.174852104578576	-0.312823404190161	0.016609504089438
UNRESOLVED	neurogenesis_migration_layering	128	-0.580432925014248	0.130029648554968	-0.61831061011283	-0.671214510309276	-0.520174895380172
iSVZ	neurogenesis_migration_layering	378	-0.195838779286712	0.311395530806118	-0.277429169572168	-0.398537631489853	-0.0959305140580396
IZ	neurogenesis_migration_layering	283	-0.464002258181464	0.118654546576725	-0.479359979849542	-0.540022109710465	-0.412092898489778
CP_layers2_3	neurogenesis_migration_layering	147	0.347163461880192	0.91384946319013	-0.00799196794542179	-0.404901300108234	1.05678554229194
CP_layer2	neurogenesis_migration_layering	113	0.410621886774628	0.556039756243878	0.396400563051483	0.00295678533906985	0.738650842283947
oSVZ	oligodendrocyte_myelination	1144	0.0150369788952076	0.426886686450426	-0.0668155550092505	-0.20486519705618	0.100673443282088
CP_layer3	oligodendrocyte_myelination	87	-0.0942538966900738	0.201439745261883	-0.14166749125225	-0.229252391232722	-0.0247757193141788
CP_layer4	oligodendrocyte_myelination	358	0.0870345795807453	0.337439948055832	-0.00472276766885088	-0.132490097554754	0.2029277001672
SP	oligodendrocyte_myelination	400	-0.0230406664906825	0.286084085201515	-0.083572140957195	-0.207279797343733	0.0739506061863167
VZ	oligodendrocyte_myelination	272	0.185579097770582	0.424883375275635	0.104775942133142	-0.0986392282763358	0.343419009633862
CP_layers5_6	oligodendrocyte_myelination	281	-0.059492568047675	0.199317801281738	-0.0915342239415628	-0.200791384280732	0.0274690040386741
UNRESOLVED	oligodendrocyte_myelination	128	-0.297518303922885	0.0556560676305586	-0.324133384834869	-0.324133384834869	-0.302237159839751
iSVZ	oligodendrocyte_myelination	378	0.10779976868629	0.412205514153326	-0.0136632110903915	-0.161368019869606	0.239082186373678
IZ	oligodendrocyte_myelination	283	-0.0727552359238072	0.218123775512807	-0.114423906603779	-0.208884540266248	0.00458939264620145
CP_layers2_3	oligodendrocyte_myelination	147	-0.184098729164429	0.1679836850668	-0.258444709849515	-0.302237159839751	-0.121153445585677
CP_layer2	oligodendrocyte_myelination	113	-0.174496950598199	0.156759382403535	-0.214652259859279	-0.273044841222958	-0.135102709295378
oSVZ	patterning_arealization	1144	0.10312759422282	0.533681381490202	-0.032821198489739	-0.266101161323753	0.318371238623143
CP_layer3	patterning_arealization	87	-0.0479408093441877	0.188313203730113	-0.0376008446080819	-0.160239072241103	0.0440471033943056
CP_layer4	patterning_arealization	358	0.2810020338715	0.390348361541602	0.211789825230631	0.0535992561866047	0.425207257228256
SP	patterning_arealization	400	-0.308571979379831	0.189635097075325	-0.373481607904324	-0.433118985427013	-0.227743554174091
VZ	patterning_arealization	272	0.620016916740456	0.691914859746497	0.542892065223547	0.143303470771362	0.907904288552
CP_layers5_6	patterning_arealization	281	-0.184694068875182	0.237919323333834	-0.23116459725066	-0.334188027786647	-0.101090224924458
UNRESOLVED	patterning_arealization	128	-0.555448065959836	0.0589524541224349	-0.567894372232094	-0.595322924179202	-0.536931668188557
iSVZ	patterning_arealization	378	0.133549498285833	0.442059828393411	0.00783466522422421	-0.167421865505414	0.322495851996379
IZ	patterning_arealization	283	-0.412326689681731	0.0936685769413068	-0.426277969310665	-0.468020129942532	-0.373785361020509
CP_layers2_3	patterning_arealization	147	-0.277710721714879	0.30483615797133	-0.405164822442609	-0.518880929587379	-0.0812177166348251
CP_layer2	patterning_arealization	113	-0.261903100784719	0.180436033884678	-0.309159062153497	-0.401412952961383	-0.142214607285486
oSVZ	progenitor_radial_glia	1144	0.308015634954037	0.777769890112971	0.105648990941186	-0.226227384163866	0.586469122227728
CP_layer3	progenitor_radial_glia	87	-0.36440803759831	0.11750721974011	-0.379060571543768	-0.45264465833593	-0.298073722645174
CP_layer4	progenitor_radial_glia	358	-0.274931515346454	0.212109270861583	-0.315292145741959	-0.403092778571959	-0.176041438051592
SP	progenitor_radial_glia	400	-0.447090590311609	0.186316724974138	-0.521068841920296	-0.568831367604352	-0.382797768918585
VZ	progenitor_radial_glia	272	1.18361397742772	0.927927769090067	1.04262792141296	0.552894229472498	1.62541552506966
CP_layers5_6	progenitor_radial_glia	281	-0.522506081062369	0.0812063603493807	-0.541230620152708	-0.574583403434564	-0.493330875091222
UNRESOLVED	progenitor_radial_glia	128	-0.60395982914522	0.0375206353737016	-0.61263317756813	-0.63580270734346	-0.585929148801028
iSVZ	progenitor_radial_glia	378	0.308828585940802	0.554230263100861	0.126910129146411	-0.0596446753369232	0.524498403232982
IZ	progenitor_radial_glia	283	-0.501242418224947	0.0961336711919139	-0.523037856647491	-0.561946082760214	-0.46186564290409
CP_layers2_3	progenitor_radial_glia	147	-0.450132483207835	0.171560671665817	-0.503548249957821	-0.585443484917068	-0.35766832917612
CP_layer2	progenitor_radial_glia	113	-0.441882562348057	0.0904603049598313	-0.448685191153263	-0.505541910325212	-0.381597992957684
oSVZ	synaptic_assembly_receptor_trafficking	1144	-0.277662529201773	0.271337942884464	-0.337757004470184	-0.461794219080953	-0.165252351643991
CP_layer3	synaptic_assembly_receptor_trafficking	87	0.978469229941672	0.458477904754075	0.991645608188807	0.67250383212603	1.27707162952103
CP_layer4	synaptic_assembly_receptor_trafficking	358	1.66843273513573	1.07203523894485	1.49651743651852	1.09035311361146	2.05744839466089
SP	synaptic_assembly_receptor_trafficking	400	-0.272377684525478	0.179205358509392	-0.307421195306423	-0.392750483997302	-0.187608304544498
VZ	synaptic_assembly_receptor_trafficking	272	-0.154251866214205	0.336557064152451	-0.222333731728291	-0.373673764143916	-0.0343253509099449
CP_layers5_6	synaptic_assembly_receptor_trafficking	281	0.0716734865849504	0.375401094923252	0.00625883550175366	-0.186626050132448	0.228909802917619
UNRESOLVED	synaptic_assembly_receptor_trafficking	128	-0.553840664539122	0.115123133761675	-0.583594283678952	-0.64223469839995	-0.499503039657563
iSVZ	synaptic_assembly_receptor_trafficking	378	-0.313613226460469	0.224099449142071	-0.371206375575432	-0.461744402525943	-0.22238413942494
IZ	synaptic_assembly_receptor_trafficking	283	-0.441402476295789	0.117567311568549	-0.466575643366315	-0.515747552777245	-0.38261611591473
CP_layers2_3	synaptic_assembly_receptor_trafficking	147	0.305078958406461	0.858023739018616	-0.0544366465723378	-0.423288695768397	0.900293571617939
CP_layer2	synaptic_assembly_receptor_trafficking	113	0.314117004269201	0.506901865530805	0.268529420440636	-0.0726067729130472	0.656137032703001
oSVZ	synaptic_membrane_structural_candidates	1144	-0.20907782288206	0.330402143184555	-0.291687364160148	-0.425687830293003	-0.0609903653737767
CP_layer3	synaptic_membrane_structural_candidates	87	0.735229573087801	0.402385071671992	0.735058670748676	0.511961047117421	0.953534039159191
CP_layer4	synaptic_membrane_structural_candidates	358	1.39328698519509	1.05762097099947	1.1932828741609	0.806644813754223	1.77136694590396
SP	synaptic_membrane_structural_candidates	400	-0.286730485841397	0.16603482506175	-0.330331592986578	-0.401635484602414	-0.200185982750806
VZ	synaptic_membrane_structural_candidates	272	0.0184869764031524	0.412042208461763	-0.0503128193906361	-0.253653749296396	0.172162278363102
CP_layers5_6	synaptic_membrane_structural_candidates	281	0.00253713931596027	0.333445659191618	-0.0635823051747523	-0.205539099989706	0.147342294879546
UNRESOLVED	synaptic_membrane_structural_candidates	128	-0.553877607321751	0.096848476477831	-0.580050164708803	-0.628374640553527	-0.509468276927402
iSVZ	synaptic_membrane_structural_candidates	378	-0.220731945407311	0.268951572619377	-0.289530842004603	-0.396791858799033	-0.110281035930665
IZ	synaptic_membrane_structural_candidates	283	-0.438935054437124	0.110229715380637	-0.462977359749711	-0.507714575454563	-0.388602568037484
CP_layers2_3	synaptic_membrane_structural_candidates	147	0.268096712341953	0.805599152792019	-0.0325902663468565	-0.403075643641751	0.79973558907266
CP_layer2	synaptic_membrane_structural_candidates	113	0.216951586002647	0.472604993003362	0.157260185005229	-0.135518230753644	0.480188974360606
