depth_stratum	module	locked_genes	spatial_evidence_class	A3_section_specific_primary_signal	A4_geometry_robust_effect	A4_geometry_robust_primary_signal	direction	V1_minus_V2	A3_Hedges_g	permutation_p_two_sided	within_depth_maxT_p	global_BH_FDR	global_Holm_FWER	geometry_candidates	unique_grid_widths	direction_concordance_fraction	width_median_direction_concordance	geometry_median_V1_minus_V2	geometry_median_Hedges_g	top_positive_snRNAseq_identities	top_negative_snRNAseq_identities	snRNAseq_frontal_minus_occipital_descriptive	snRNAseq_region_comparison_role	single_Visium_section	independent_biological_replication	population_level_inference
SP	progenitor_radial_glia	26	S1_geometry_robust_section_specific_corrected	True	True	True	V2_higher	-0.3063236482266411	-4.54923076236936	9.99990000099999e-06	9.99990000099999e-06	2.3999760002399977e-05	0.0003599964000359997	17	5	1.0	1.0	-0.33217973029694825	-4.18501688683399	vRG;Dividing progenitor;RG;OPC;IPC	EN-ET-3;EN-ET-1;EN-ET-4;EN-ET-7;EN-IT-UL-5	0.0959831911638759	descriptive_context_only_different_contrast_and_donor_confounded	True	False	False
SP	patterning_arealization	29	S1_geometry_robust_section_specific_corrected	True	True	True	V2_higher	-0.2572664371012983	-3.2695158332171683	9.99990000099999e-06	9.99990000099999e-06	2.3999760002399977e-05	0.0003599964000359997	17	5	1.0	1.0	-0.27371065156454866	-4.105380916091912	vRG;Dividing progenitor;RG;IPC;OPC	Microglia;IN-MGE-2;EN-IT-UL-5;EN-ET-4;IN-MGE-1	0.020646557857836	descriptive_context_only_different_contrast_and_donor_confounded	True	False	False
SP	synaptic_membrane_structural_candidates	38	S1_geometry_robust_section_specific_corrected	True	True	True	V2_higher	-0.21147562801447112	-2.7215764344675497	9.99990000099999e-06	9.99990000099999e-06	2.3999760002399977e-05	0.0003599964000359997	17	5	1.0	1.0	-0.21730113394041958	-3.9938501758787393	EN-ET-3;EN-ET-7;EN-ET-5;EN-ET-6;EN-ET-2	Microglia;IPC;RG;Dividing progenitor;EN-IT-UL-5	-0.0724376012919937	descriptive_context_only_different_contrast_and_donor_confounded	True	False	False
SP	neurogenesis_migration_layering	24	S1_geometry_robust_section_specific_corrected	True	True	True	V2_higher	-0.24894781421513	-3.055281339498454	9.99990000099999e-06	9.99990000099999e-06	2.3999760002399977e-05	0.0003599964000359997	17	5	1.0	1.0	-0.2586258553867825	-3.8102551376797167	EN-Mig-3;EN-ET-6;EN-L2;EN-ET-5;EN-IT-DL-3	Microglia;EC-1;vRG;RG;OPC	0.0163397572687748	descriptive_context_only_different_contrast_and_donor_confounded	True	False	False
SP	astrocyte_maturation_metabolic_support	19	S1_geometry_robust_section_specific_corrected	True	True	True	V2_higher	-0.20536157478643258	-3.8723902233713106	9.99990000099999e-06	9.99990000099999e-06	2.3999760002399977e-05	0.0003599964000359997	17	5	1.0	1.0	-0.22301234524679422	-3.6726722729540833	vRG;RG;OPC;Microglia;Dividing progenitor	EN-IT-UL-5;IN-MGE-1;IN-MGE-2;EN-IT-L4-V1;EN-IT-DL-2	0.0927746053038678	descriptive_context_only_different_contrast_and_donor_confounded	True	False	False
SP	axon_guidance_neurite_outgrowth	29	S1_geometry_robust_section_specific_corrected	True	True	True	V2_higher	-0.2607188059606095	-2.7851616773647527	9.99990000099999e-06	9.99990000099999e-06	2.3999760002399977e-05	0.0003599964000359997	17	5	1.0	1.0	-0.2877092703973518	-3.429780838717528	EN-Mig-3;EN-ET-5;EN-IT-DL-3;EN-ET-7;EN-ET-6	Microglia;RG;vRG;Dividing progenitor;OPC	-0.0473078496656346	descriptive_context_only_different_contrast_and_donor_confounded	True	False	False
SP	synaptic_assembly_receptor_trafficking	34	S1_geometry_robust_section_specific_corrected	True	True	True	V2_higher	-0.1803496651523573	-2.0541358314195746	9.99990000099999e-06	0.00022999770002299976	2.3999760002399977e-05	0.0003599964000359997	17	5	1.0	1.0	-0.20311992612751856	-2.8598141175415743	EN-ET-6;EN-ET-7;EN-ET-3;EN-ET-2;EN-ET-5	Microglia;Dividing progenitor;RG;IPC;vRG	-0.0676807005829334	descriptive_context_only_different_contrast_and_donor_confounded	True	False	False
L4	axon_guidance_neurite_outgrowth	29	S1_geometry_robust_section_specific_corrected	True	True	True	V2_higher	-0.8819395264588588	-1.8649587558845184	9.99990000099999e-06	9.99990000099999e-06	2.3999760002399977e-05	0.0003599964000359997	17	5	1.0	1.0	-0.9100963914114025	-1.907692672385059	EN-Mig-3;EN-ET-5;EN-IT-DL-3;EN-ET-7;EN-ET-6	Microglia;RG;vRG;Dividing progenitor;OPC	-0.0473078496656346	descriptive_context_only_different_contrast_and_donor_confounded	True	False	False
L4	synaptic_membrane_structural_candidates	38	S1_geometry_robust_section_specific_corrected	True	True	True	V2_higher	-1.0424729622220554	-1.7862221017914053	9.99990000099999e-06	9.99990000099999e-06	2.3999760002399977e-05	0.0003599964000359997	17	5	1.0	1.0	-1.0438637889930567	-1.7862221017914053	EN-ET-3;EN-ET-7;EN-ET-5;EN-ET-6;EN-ET-2	Microglia;IPC;RG;Dividing progenitor;EN-IT-UL-5	-0.0724376012919937	descriptive_context_only_different_contrast_and_donor_confounded	True	False	False
L4	progenitor_radial_glia	26	S1_geometry_robust_section_specific_corrected	True	True	True	V2_higher	-0.16628416350877642	-1.4470785785198228	9.99990000099999e-06	9.99990000099999e-06	2.3999760002399977e-05	0.0003599964000359997	17	5	1.0	1.0	-0.17361287824876612	-1.661470407226918	vRG;Dividing progenitor;RG;OPC;IPC	EN-ET-3;EN-ET-1;EN-ET-4;EN-ET-7;EN-IT-UL-5	0.0959831911638759	descriptive_context_only_different_contrast_and_donor_confounded	True	False	False
L4	synaptic_assembly_receptor_trafficking	34	S1_geometry_robust_section_specific_corrected	True	True	True	V2_higher	-0.9670737048188087	-1.6960648227090174	9.99990000099999e-06	9.99990000099999e-06	2.3999760002399977e-05	0.0003599964000359997	17	5	1.0	1.0	-0.9621527123949494	-1.6106354797650684	EN-ET-6;EN-ET-7;EN-ET-3;EN-ET-2;EN-ET-5	Microglia;Dividing progenitor;RG;IPC;vRG	-0.0676807005829334	descriptive_context_only_different_contrast_and_donor_confounded	True	False	False
L4	activity_dependent_plasticity	25	S1_geometry_robust_section_specific_corrected	True	True	True	V2_higher	-0.43553828694207175	-1.6420725594119314	9.99990000099999e-06	9.99990000099999e-06	2.3999760002399977e-05	0.0003599964000359997	17	5	1.0	1.0	-0.4156501081322397	-1.54289876156244	Microglia;vRG;EN-ET-7;OPC;EN-ET-2	EN-IT-UL-5;IPC;IN-CGE-1;EC-1;IN-MGE-2	-0.0339345743395493	descriptive_context_only_different_contrast_and_donor_confounded	True	False	False
L4	neurogenesis_migration_layering	24	S1_geometry_robust_section_specific_corrected	True	True	True	V2_higher	-0.7852535441309382	-1.52409753533219	9.99990000099999e-06	9.99990000099999e-06	2.3999760002399977e-05	0.0003599964000359997	17	5	1.0	1.0	-0.7884763683572094	-1.5187257933926417	EN-Mig-3;EN-ET-6;EN-L2;EN-ET-5;EN-IT-DL-3	Microglia;EC-1;vRG;RG;OPC	0.0163397572687748	descriptive_context_only_different_contrast_and_donor_confounded	True	False	False
L4	astrocyte_maturation_metabolic_support	19	S1_geometry_robust_section_specific_corrected	True	True	True	V2_higher	-0.19711990628769885	-1.3748706025092334	9.99990000099999e-06	3.999960000399996e-05	2.3999760002399977e-05	0.0003599964000359997	17	5	1.0	1.0	-0.20258748564496334	-1.4232063715615468	vRG;RG;OPC;Microglia;Dividing progenitor	EN-IT-UL-5;IN-MGE-1;IN-MGE-2;EN-IT-L4-V1;EN-IT-DL-2	0.0927746053038678	descriptive_context_only_different_contrast_and_donor_confounded	True	False	False
L4	patterning_arealization	29	S1_geometry_robust_section_specific_corrected	True	True	True	V2_higher	-0.2538134442447496	-1.339908629372046	9.99990000099999e-06	4.999950000499995e-05	2.3999760002399977e-05	0.0003599964000359997	17	5	1.0	1.0	-0.2583904545267135	-1.339908629372046	vRG;Dividing progenitor;RG;IPC;OPC	Microglia;IN-MGE-2;EN-IT-UL-5;EN-ET-4;IN-MGE-1	0.020646557857836	descriptive_context_only_different_contrast_and_donor_confounded	True	False	False
SP	activity_dependent_plasticity	25	S1_geometry_robust_section_specific_corrected	True	True	True	V2_higher	-0.14477142705651488	-2.071634525174299	2.999970000299997e-05	0.00014999850001499985	6.749932500674993e-05	0.0006299937000629993	17	5	1.0	1.0	-0.14928723877553401	-2.8000619419214576	Microglia;vRG;EN-ET-7;OPC;EN-ET-2	EN-IT-UL-5;IPC;IN-CGE-1;EC-1;IN-MGE-2	-0.0339345743395493	descriptive_context_only_different_contrast_and_donor_confounded	True	False	False
SP	oligodendrocyte_myelination	20	S1_geometry_robust_section_specific_corrected	True	True	True	V2_higher	-0.15175151535406933	-1.1970872978679423	0.005069949300506995	0.024689753102468976	0.010736363224603048	0.1013989860101399	17	5	1.0	1.0	-0.18822815215211014	-1.5642461177683957	EC-1;OPC;Microglia;unknown;EN-Mig-3	EN-IT-UL-3;EN-Mig-2;EN-L2;EN-IT-UL-5;EN-IT-UL-1	0.0137572622427199	descriptive_context_only_different_contrast_and_donor_confounded	True	False	False
deep_CP	axon_guidance_neurite_outgrowth	29	S3_global_FDR_only	False	True	False	V2_higher	-0.12749940167176343	-0.9895088778356174	0.016479835201647985	0.07512924870751292	0.03217230985584881	0.31311686883131173	17	5	1.0	1.0	-0.15516864850806775	-1.4659946972549074	EN-Mig-3;EN-ET-5;EN-IT-DL-3;EN-ET-7;EN-ET-6	Microglia;RG;vRG;Dividing progenitor;OPC	-0.0473078496656346	descriptive_context_only_different_contrast_and_donor_confounded	True	False	False
deep_CP	patterning_arealization	29	S3_global_FDR_only	False	True	False	V2_higher	-0.08649584649964401	-0.9665906590362143	0.016979830201697983	0.07453925460745392	0.03217230985584881	0.31311686883131173	17	5	1.0	1.0	-0.09140044213541496	-1.1463733904038997	vRG;Dividing progenitor;RG;IPC;OPC	Microglia;IN-MGE-2;EN-IT-UL-5;EN-ET-4;IN-MGE-1	0.020646557857836	descriptive_context_only_different_contrast_and_donor_confounded	True	False	False
deep_CP	progenitor_radial_glia	26	S4_nominal_section_specific	False	True	False	V2_higher	-0.041281488520143905	-0.8700182348328839	0.02995970040299597	0.14599854001459986	0.05255947440525595	0.5093149068509315	17	5	1.0	1.0	-0.04221763991470873	-0.9716112102968002	vRG;Dividing progenitor;RG;OPC;IPC	EN-ET-3;EN-ET-1;EN-ET-4;EN-ET-7;EN-IT-UL-5	0.0959831911638759	descriptive_context_only_different_contrast_and_donor_confounded	True	False	False
deep_CP	oligodendrocyte_myelination	20	S4_nominal_section_specific	False	True	False	V2_higher	-0.0629998333611455	-0.8685371208521483	0.030659693403065968	0.13510864891351088	0.05255947440525595	0.5093149068509315	17	5	0.9411764705882353	1.0	-0.03316276044568672	-0.6815707482517891	EC-1;OPC;Microglia;unknown;EN-Mig-3	EN-IT-UL-3;EN-Mig-2;EN-L2;EN-IT-UL-5;EN-IT-UL-1	0.0137572622427199	descriptive_context_only_different_contrast_and_donor_confounded	True	False	False
deep_CP	synaptic_membrane_structural_candidates	38	S4_nominal_section_specific	False	True	False	V2_higher	-0.11869025176392778	-0.805959608479235	0.04422955770442295	0.18362816371836282	0.07237563987996483	0.6634433655663443	17	5	1.0	1.0	-0.1395570698576999	-1.1488377279905226	EN-ET-3;EN-ET-7;EN-ET-5;EN-ET-6;EN-ET-2	Microglia;IPC;RG;Dividing progenitor;EN-IT-UL-5	-0.0724376012919937	descriptive_context_only_different_contrast_and_donor_confounded	True	False	False
L4	oligodendrocyte_myelination	20	S5_descriptive_no_spatial_signal	False	True	False	V2_higher	-0.09253602987743981	-0.5390267743319196	0.08627913720862791	0.23481765182348177	0.13504560606567848	1.0	17	5	0.9411764705882353	1.0	-0.10538700761511403	-0.6264403015149299	EC-1;OPC;Microglia;unknown;EN-Mig-3	EN-IT-UL-3;EN-Mig-2;EN-L2;EN-IT-UL-5;EN-IT-UL-1	0.0137572622427199	descriptive_context_only_different_contrast_and_donor_confounded	True	False	False
deep_CP	neurogenesis_migration_layering	24	S5_descriptive_no_spatial_signal	False	True	False	V2_higher	-0.081239040938422	-0.6296994939700453	0.10353896461035389	0.3734762652373476	0.15530844691553083	1.0	17	5	1.0	1.0	-0.08158592085897023	-0.7305125035412422	EN-Mig-3;EN-ET-6;EN-L2;EN-ET-5;EN-IT-DL-3	Microglia;EC-1;vRG;RG;OPC	0.0163397572687748	descriptive_context_only_different_contrast_and_donor_confounded	True	False	False
deep_CP	synaptic_assembly_receptor_trafficking	34	S5_descriptive_no_spatial_signal	False	True	False	V2_higher	-0.09728773954909284	-0.6275261103586285	0.1087089129108709	0.3881361186388136	0.1565408345916541	1.0	17	5	1.0	1.0	-0.12298681015551768	-0.8714931111657644	EN-ET-6;EN-ET-7;EN-ET-3;EN-ET-2;EN-ET-5	Microglia;Dividing progenitor;RG;IPC;vRG	-0.0676807005829334	descriptive_context_only_different_contrast_and_donor_confounded	True	False	False
superficial_CP	patterning_arealization	29	S5_descriptive_no_spatial_signal	False	True	False	V1_higher	0.0787348693181546	0.5768624659886181	0.13923860761392387	0.35297647023529766	0.19279191823466382	1.0	17	5	1.0	1.0	0.11042769146222389	0.7479107134301958	vRG;Dividing progenitor;RG;IPC;OPC	Microglia;IN-MGE-2;EN-IT-UL-5;EN-ET-4;IN-MGE-1	0.020646557857836	descriptive_context_only_different_contrast_and_donor_confounded	True	False	False
superficial_CP	synaptic_assembly_receptor_trafficking	34	S5_descriptive_no_spatial_signal	False	True	False	V1_higher	0.20212620067252124	0.4851555259903376	0.20384796152038479	0.4834751652483475	0.27179728202717973	1.0	17	5	1.0	1.0	0.30315843350772914	0.7039124049901604	EN-ET-6;EN-ET-7;EN-ET-3;EN-ET-2;EN-ET-5	Microglia;Dividing progenitor;RG;IPC;vRG	-0.0676807005829334	descriptive_context_only_different_contrast_and_donor_confounded	True	False	False
superficial_CP	neurogenesis_migration_layering	24	S5_descriptive_no_spatial_signal	False	True	False	V1_higher	0.1852395663990467	0.44349602832930285	0.2674273257267427	0.5811341886581134	0.3335304577988703	1.0	17	5	1.0	1.0	0.27621136162766025	0.5921620582733952	EN-Mig-3;EN-ET-6;EN-L2;EN-ET-5;EN-IT-DL-3	Microglia;EC-1;vRG;RG;OPC	0.0163397572687748	descriptive_context_only_different_contrast_and_donor_confounded	True	False	False
superficial_CP	oligodendrocyte_myelination	20	S5_descriptive_no_spatial_signal	False	False	False	V1_higher	0.041481500367701096	0.4068154565914864	0.2686773132268677	0.5503944960550394	0.3335304577988703	1.0	17	5	0.9411764705882353	1.0	0.03722238604678277	0.4068154565914864	EC-1;OPC;Microglia;unknown;EN-Mig-3	EN-IT-UL-3;EN-Mig-2;EN-L2;EN-IT-UL-5;EN-IT-UL-1	0.0137572622427199	descriptive_context_only_different_contrast_and_donor_confounded	True	False	False
superficial_CP	activity_dependent_plasticity	25	S5_descriptive_no_spatial_signal	False	False	False	V1_higher	0.08594301861994172	0.38621296763576085	0.3202867971320287	0.6661233387666123	0.3843441565584344	1.0	17	5	1.0	1.0	0.12473314747239103	0.4964670068886055	Microglia;vRG;EN-ET-7;OPC;EN-ET-2	EN-IT-UL-5;IPC;IN-CGE-1;EC-1;IN-MGE-2	-0.0339345743395493	descriptive_context_only_different_contrast_and_donor_confounded	True	False	False
deep_CP	activity_dependent_plasticity	25	S5_descriptive_no_spatial_signal	False	True	False	V2_higher	-0.04433705376622706	-0.3578716811223445	0.3483665163348367	0.8486915130848691	0.40455466413077806	1.0	17	5	1.0	1.0	-0.05595115045937693	-0.6174716027404763	Microglia;vRG;EN-ET-7;OPC;EN-ET-2	EN-IT-UL-5;IPC;IN-CGE-1;EC-1;IN-MGE-2	-0.0339345743395493	descriptive_context_only_different_contrast_and_donor_confounded	True	False	False
superficial_CP	progenitor_radial_glia	26	S5_descriptive_no_spatial_signal	False	True	False	V1_higher	0.026087797948079916	0.32990914861450416	0.4233257667423326	0.7807321926780733	0.47624148758512413	1.0	17	5	1.0	1.0	0.046387103332979907	0.5834734575160834	vRG;Dividing progenitor;RG;OPC;IPC	EN-ET-3;EN-ET-1;EN-ET-4;EN-ET-7;EN-IT-UL-5	0.0959831911638759	descriptive_context_only_different_contrast_and_donor_confounded	True	False	False
deep_CP	astrocyte_maturation_metabolic_support	19	S5_descriptive_no_spatial_signal	False	False	False	V2_higher	-0.015025989799102024	-0.27564672112350636	0.4675453245467545	0.949610503894961	0.5100494449600959	1.0	17	5	1.0	1.0	-0.01849841933119678	-0.43673204144759153	vRG;RG;OPC;Microglia;Dividing progenitor	EN-IT-UL-5;IN-MGE-1;IN-MGE-2;EN-IT-L4-V1;EN-IT-DL-2	0.0927746053038678	descriptive_context_only_different_contrast_and_donor_confounded	True	False	False
superficial_CP	synaptic_membrane_structural_candidates	38	S5_descriptive_no_spatial_signal	False	False	False	V1_higher	0.0998660241402684	0.2710245654239837	0.4949150508494915	0.8672913270867292	0.5240277008994616	1.0	17	5	1.0	1.0	0.17808261515503765	0.47819862003354047	EN-ET-3;EN-ET-7;EN-ET-5;EN-ET-6;EN-ET-2	Microglia;IPC;RG;Dividing progenitor;EN-IT-UL-5	-0.0724376012919937	descriptive_context_only_different_contrast_and_donor_confounded	True	False	False
superficial_CP	axon_guidance_neurite_outgrowth	29	S5_descriptive_no_spatial_signal	False	False	False	V2_higher	-0.07162322124292975	-0.2134706442378091	0.6068239317606824	0.9440505594944051	0.6241617583824162	1.0	17	5	0.5882352941176471	0.4	-0.007196773933938	-0.02338814750733528	EN-Mig-3;EN-ET-5;EN-IT-DL-3;EN-ET-7;EN-ET-6	Microglia;RG;vRG;Dividing progenitor;OPC	-0.0473078496656346	descriptive_context_only_different_contrast_and_donor_confounded	True	False	False
superficial_CP	astrocyte_maturation_metabolic_support	19	S5_descriptive_no_spatial_signal	False	False	False	V1_higher	0.00912198823848881	0.08391628592052842	0.8282417175828242	0.999480005199948	0.8282417175828242	1.0	17	5	0.8823529411764706	1.0	0.02027655015952967	0.2218836559801339	vRG;RG;OPC;Microglia;Dividing progenitor	EN-IT-UL-5;IN-MGE-1;IN-MGE-2;EN-IT-L4-V1;EN-IT-DL-2	0.0927746053038678	descriptive_context_only_different_contrast_and_donor_confounded	True	False	False
