depth_stratum	module	primary_block_metric	V1_blocks	V2_blocks	V1_block_mean	V2_block_mean	V1_minus_V2	Welch_studentized_statistic	Hedges_g	direction	permutation_p_two_sided	permutation_p_Monte_Carlo_SE	within_depth_maxT_p	within_depth_BH_FDR	global_BH_FDR	global_Holm_FWER	passes_within_depth_maxT_0_05	passes_within_depth_BH_0_05	passes_global_BH_0_05	passes_global_Holm_0_05	section_specific_primary_signal	Monte_Carlo_permutations	exact_label_permutations
SP	progenitor_radial_glia	trimmed_mean	25	14	-0.5506193960177174	-0.24429574779107627	-0.3063236482266411	-10.557684823516617	-4.54923076236936	V2_higher	9.99990000099999e-06	9.999850001874979e-06	9.99990000099999e-06	1.2857014286999988e-05	2.3999760002399977e-05	0.0003599964000359997	True	True	True	True	True	100000	15084504396
SP	astrocyte_maturation_metabolic_support	trimmed_mean	25	14	-0.40047747949219525	-0.19511590470576268	-0.20536157478643258	-9.986967717536453	-3.8723902233713106	V2_higher	9.99990000099999e-06	9.999850001874979e-06	9.99990000099999e-06	1.2857014286999988e-05	2.3999760002399977e-05	0.0003599964000359997	True	True	True	True	True	100000	15084504396
SP	patterning_arealization	trimmed_mean	25	14	-0.3924539517218837	-0.13518751462058537	-0.2572664371012983	-7.908839040983656	-3.2695158332171683	V2_higher	9.99990000099999e-06	9.999850001874979e-06	9.99990000099999e-06	1.2857014286999988e-05	2.3999760002399977e-05	0.0003599964000359997	True	True	True	True	True	100000	15084504396
SP	neurogenesis_migration_layering	trimmed_mean	25	14	-0.4323897118504478	-0.1834418976353178	-0.24894781421513	-7.310900968214128	-3.055281339498454	V2_higher	9.99990000099999e-06	9.999850001874979e-06	9.99990000099999e-06	1.2857014286999988e-05	2.3999760002399977e-05	0.0003599964000359997	True	True	True	True	True	100000	15084504396
SP	axon_guidance_neurite_outgrowth	trimmed_mean	25	14	-0.37991161373163485	-0.11919280777102538	-0.2607188059606095	-6.622210032802446	-2.7851616773647527	V2_higher	9.99990000099999e-06	9.999850001874979e-06	9.99990000099999e-06	1.2857014286999988e-05	2.3999760002399977e-05	0.0003599964000359997	True	True	True	True	True	100000	15084504396
SP	synaptic_membrane_structural_candidates	trimmed_mean	25	14	-0.3566393948677364	-0.14516376685326526	-0.21147562801447112	-6.596773888317711	-2.7215764344675497	V2_higher	9.99990000099999e-06	9.999850001874979e-06	9.99990000099999e-06	1.2857014286999988e-05	2.3999760002399977e-05	0.0003599964000359997	True	True	True	True	True	100000	15084504396
L4	axon_guidance_neurite_outgrowth	trimmed_mean	15	20	0.44793814574144025	1.329877672200299	-0.8819395264588588	-6.345745401903212	-1.8649587558845184	V2_higher	9.99990000099999e-06	9.999850001874979e-06	9.99990000099999e-06	1.124988750112499e-05	2.3999760002399977e-05	0.0003599964000359997	True	True	True	True	True	100000	3247943160
L4	synaptic_membrane_structural_candidates	trimmed_mean	15	20	0.7962202324148578	1.8386931946369132	-1.0424729622220554	-6.047030940851638	-1.7862221017914053	V2_higher	9.99990000099999e-06	9.999850001874979e-06	9.99990000099999e-06	1.124988750112499e-05	2.3999760002399977e-05	0.0003599964000359997	True	True	True	True	True	100000	3247943160
L4	synaptic_assembly_receptor_trafficking	trimmed_mean	15	20	1.11387483561196	2.080948540430769	-0.9670737048188087	-5.692544490653082	-1.6960648227090174	V2_higher	9.99990000099999e-06	9.999850001874979e-06	9.99990000099999e-06	1.124988750112499e-05	2.3999760002399977e-05	0.0003599964000359997	True	True	True	True	True	100000	3247943160
L4	activity_dependent_plasticity	trimmed_mean	15	20	0.46117556040269425	0.896713847344766	-0.43553828694207175	-5.452621707216772	-1.6420725594119314	V2_higher	9.99990000099999e-06	9.999850001874979e-06	9.99990000099999e-06	1.124988750112499e-05	2.3999760002399977e-05	0.0003599964000359997	True	True	True	True	True	100000	3247943160
L4	neurogenesis_migration_layering	trimmed_mean	15	20	0.7393890490006051	1.5246425931315433	-0.7852535441309382	-5.157390200535205	-1.52409753533219	V2_higher	9.99990000099999e-06	9.999850001874979e-06	9.99990000099999e-06	1.124988750112499e-05	2.3999760002399977e-05	0.0003599964000359997	True	True	True	True	True	100000	3247943160
L4	progenitor_radial_glia	trimmed_mean	15	20	-0.36758579735103564	-0.20130163384225921	-0.16628416350877642	-4.825976858842815	-1.4470785785198228	V2_higher	9.99990000099999e-06	9.999850001874979e-06	9.99990000099999e-06	1.124988750112499e-05	2.3999760002399977e-05	0.0003599964000359997	True	True	True	True	True	100000	3247943160
L4	astrocyte_maturation_metabolic_support	trimmed_mean	15	20	-0.1447016064754288	0.05241829981227005	-0.19711990628769885	-4.576790234681308	-1.3748706025092334	V2_higher	9.99990000099999e-06	9.999850001874979e-06	3.999960000399996e-05	1.124988750112499e-05	2.3999760002399977e-05	0.0003599964000359997	True	True	True	True	True	100000	3247943160
L4	patterning_arealization	trimmed_mean	15	20	0.12415922861387184	0.37797267285862146	-0.2538134442447496	-4.37123793673597	-1.339908629372046	V2_higher	9.99990000099999e-06	9.999850001874979e-06	4.999950000499995e-05	1.124988750112499e-05	2.3999760002399977e-05	0.0003599964000359997	True	True	True	True	True	100000	3247943160
SP	synaptic_assembly_receptor_trafficking	trimmed_mean	25	14	-0.3323560618589431	-0.1520063967065858	-0.1803496651523573	-4.985430285912219	-2.0541358314195746	V2_higher	9.99990000099999e-06	9.999850001874979e-06	0.00022999770002299976	1.2857014286999988e-05	2.3999760002399977e-05	0.0003599964000359997	True	True	True	True	True	100000	15084504396
SP	activity_dependent_plasticity	trimmed_mean	25	14	-0.29370575217938155	-0.14893432512286667	-0.14477142705651488	-5.1405238381226805	-2.071634525174299	V2_higher	2.999970000299997e-05	1.732007506796646e-05	0.00014999850001499985	3.3749662503374966e-05	6.749932500674993e-05	0.0006299937000629993	True	True	True	True	True	100000	15084504396
SP	oligodendrocyte_myelination	trimmed_mean	25	14	-0.0789862129443658	0.07276530240970354	-0.15175151535406933	-2.9690371516184633	-1.1970872978679423	V2_higher	0.005069949300506995	0.0002245928421088383	0.024689753102468976	0.005069949300506995	0.010736363224603048	0.1013989860101399	True	True	True	False	True	100000	15084504396
deep_CP	patterning_arealization	trimmed_mean	15	13	-0.23063800658951406	-0.14414216008987005	-0.08649584649964401	-2.582112990956733	-0.9665906590362143	V2_higher	0.016979830201697983	0.00040855047000992354	0.07453925460745392	0.06898431015689843	0.03217230985584881	0.31311686883131173	False	False	True	False	False	100000	37442160
deep_CP	axon_guidance_neurite_outgrowth	trimmed_mean	15	13	-0.17906629386012546	-0.05156689218836204	-0.12749940167176343	-2.577688772058654	-0.9895088778356174	V2_higher	0.016479835201647985	0.00040259269929412506	0.07512924870751292	0.06898431015689843	0.03217230985584881	0.31311686883131173	False	False	True	False	False	100000	37442160
deep_CP	oligodendrocyte_myelination	trimmed_mean	15	13	-0.08387465097423512	-0.02087481761308962	-0.0629998333611455	-2.2823328374435716	-0.8685371208521483	V2_higher	0.030659693403065968	0.0005451548349753661	0.13510864891351088	0.06898431015689843	0.05255947440525595	0.5093149068509315	False	False	False	False	False	100000	37442160
deep_CP	progenitor_radial_glia	trimmed_mean	15	13	-0.5425855729602397	-0.5013040844400958	-0.041281488520143905	-2.2415639731540122	-0.8700182348328839	V2_higher	0.02995970040299597	0.0005390902163506339	0.14599854001459986	0.06898431015689843	0.05255947440525595	0.5093149068509315	False	False	False	False	False	100000	37442160
deep_CP	synaptic_membrane_structural_candidates	trimmed_mean	15	13	-0.06496347654646796	0.05372677521745982	-0.11869025176392778	-2.1195830821592745	-0.805959608479235	V2_higher	0.04422955770442295	0.0006501759854138114	0.18362816371836282	0.07961320386796131	0.07237563987996483	0.6634433655663443	False	False	False	False	False	100000	37442160
L4	oligodendrocyte_myelination	trimmed_mean	15	20	0.03397389146856708	0.1265099213460069	-0.09253602987743981	-1.730119427572553	-0.5390267743319196	V2_higher	0.08627913720862791	0.0008878865881888812	0.23481765182348177	0.08627913720862791	0.13504560606567848	1.0	False	False	False	False	False	100000	3247943160
deep_CP	neurogenesis_migration_layering	trimmed_mean	15	13	-0.16984166383576757	-0.08860262289734556	-0.081239040938422	-1.6874049732636074	-0.6296994939700453	V2_higher	0.10353896461035389	0.0009634195308409382	0.3734762652373476	0.13976860231397686	0.15530844691553083	1.0	False	False	False	False	False	100000	37442160
deep_CP	synaptic_assembly_receptor_trafficking	trimmed_mean	15	13	0.009468267605845512	0.10675600715493835	-0.09728773954909284	-1.6628230144091363	-0.6275261103586285	V2_higher	0.1087089129108709	0.0009843287878622924	0.3881361186388136	0.13976860231397686	0.1565408345916541	1.0	False	False	False	False	False	100000	37442160
superficial_CP	patterning_arealization	trimmed_mean	22	14	-0.17806233335358257	-0.25679720267173717	0.0787348693181546	1.5218693401405285	0.5768624659886181	V1_higher	0.13923860761392387	0.0010947603357057973	0.35297647023529766	0.5765162348376516	0.19279191823466382	1.0	False	False	False	False	False	100000	3796297200
superficial_CP	synaptic_assembly_receptor_trafficking	trimmed_mean	22	14	0.5765347028095467	0.3744085021370254	0.20212620067252124	1.2975639650707784	0.4851555259903376	V1_higher	0.20384796152038479	0.0012739401366661492	0.4834751652483475	0.5765162348376516	0.27179728202717973	1.0	False	False	False	False	False	100000	3796297200
superficial_CP	oligodendrocyte_myelination	trimmed_mean	22	14	-0.13403323472224685	-0.17551473508994794	0.041481500367701096	1.190205966503893	0.4068154565914864	V1_higher	0.2686773132268677	0.0014017412375526457	0.5503944960550394	0.5765162348376516	0.3335304577988703	1.0	False	False	False	False	False	100000	3796297200
superficial_CP	neurogenesis_migration_layering	trimmed_mean	22	14	0.6024495145983192	0.4172099481992725	0.1852395663990467	1.1433424788349118	0.44349602832930285	V1_higher	0.2674273257267427	0.0013996713617898465	0.5811341886581134	0.5765162348376516	0.3335304577988703	1.0	False	False	False	False	False	100000	3796297200
superficial_CP	activity_dependent_plasticity	trimmed_mean	22	14	0.1393725568776495	0.053429538257707763	0.08594301861994172	1.0172502694134533	0.38621296763576085	V1_higher	0.3202867971320287	0.001475469375165267	0.6661233387666123	0.5765162348376516	0.3843441565584344	1.0	False	False	False	False	False	100000	3796297200
deep_CP	activity_dependent_plasticity	trimmed_mean	15	13	-0.045464307510950625	-0.0011272537447235638	-0.04433705376622706	-0.9535132612456688	-0.3578716811223445	V2_higher	0.3483665163348367	0.0015066685653500602	0.8486915130848691	0.39191233087669125	0.40455466413077806	1.0	False	False	False	False	False	100000	37442160
superficial_CP	progenitor_radial_glia	trimmed_mean	22	14	-0.41301935080621277	-0.4391071487542927	0.026087797948079916	0.8475571575351621	0.32990914861450416	V1_higher	0.4233257667423326	0.0015624295848713987	0.7807321926780733	0.6349886501134988	0.47624148758512413	1.0	False	False	False	False	False	100000	3796297200
deep_CP	astrocyte_maturation_metabolic_support	trimmed_mean	15	13	-0.30966284310264897	-0.29463685330354694	-0.015025989799102024	-0.7322456243188188	-0.27564672112350636	V2_higher	0.4675453245467545	0.0015777965794080634	0.949610503894961	0.4675453245467545	0.5100494449600959	1.0	False	False	False	False	False	100000	37442160
superficial_CP	synaptic_membrane_structural_candidates	trimmed_mean	22	14	0.42356896570885794	0.32370294156858953	0.0998660241402684	0.7088065319068094	0.2710245654239837	V1_higher	0.4949150508494915	0.0015810491566542167	0.8672913270867292	0.6363193510922034	0.5240277008994616	1.0	False	False	False	False	False	100000	3796297200
superficial_CP	axon_guidance_neurite_outgrowth	trimmed_mean	22	14	0.1593408401728939	0.23096406141582365	-0.07162322124292975	-0.5498710570884434	-0.2134706442378091	V2_higher	0.6068239317606824	0.0015446237785964958	0.9440505594944051	0.6826769232307677	0.6241617583824162	1.0	False	False	False	False	False	100000	3796297200
superficial_CP	astrocyte_maturation_metabolic_support	trimmed_mean	22	14	-0.2592873169164437	-0.2684093051549325	0.00912198823848881	0.22294902569834008	0.08391628592052842	V1_higher	0.8282417175828242	0.0011927109971772488	0.999480005199948	0.8282417175828242	0.8282417175828242	1.0	False	False	False	False	False	100000	3796297200
