author_cluster_id	author_cluster_label	cluster_annotation_mapped	module	units	mean_score	sd_score	median_score	q25_score	q75_score
7	oSVZ-L2	TRUE	activity_dependent_plasticity	210	-0.0213442656460717	0.266143672624135	-0.0831888258910971	-0.189541414694431	0.0710651164997658
17	L3-V1	TRUE	activity_dependent_plasticity	87	0.34720223549585	0.259843716492972	0.334827436276783	0.183611658053393	0.53767673567086
8	L4-V2	TRUE	activity_dependent_plasticity	200	0.910151789908114	0.703885592924717	0.759856570900431	0.567873673115908	1.10619774822988
5	SP-V1	TRUE	activity_dependent_plasticity	260	-0.287571186007674	0.0974445592206827	-0.306861560178403	-0.355370990605364	-0.237953721835539
2	oSVZ-1	TRUE	activity_dependent_plasticity	282	0.132555304082802	0.355448991564105	0.0427930427052376	-0.0845687328752203	0.286221007273846
3	VZ	TRUE	activity_dependent_plasticity	272	0.397202452766841	0.529790954917369	0.29716741262458	0.0260246475051122	0.669487268142261
15	L5/6-V2	TRUE	activity_dependent_plasticity	119	0.00474209125430605	0.288533075069347	-0.0389962515001747	-0.168841063160076	0.0878221313641236
14	UNRESOLVED	FALSE	activity_dependent_plasticity	128	-0.438416960428949	0.0796501476224998	-0.462686503664247	-0.495351419882107	-0.407005811312407
0	iSVZ	TRUE	activity_dependent_plasticity	307	-0.114632122826682	0.228238590459482	-0.167235528430294	-0.268377893023061	-0.035831458481455
4	oSVZ-2	TRUE	activity_dependent_plasticity	265	-0.320384312381048	0.121509565051604	-0.348435429472689	-0.397855138692334	-0.267382546066597
6	oSVZ-L1	TRUE	activity_dependent_plasticity	234	-0.263663661386686	0.139900166895478	-0.289401070814262	-0.355775288858625	-0.203301275047026
10	L4-V1	TRUE	activity_dependent_plasticity	158	0.505133179799645	0.335877603440493	0.476695806108239	0.286424547088046	0.699039421247235
9	L5/6-V1	TRUE	activity_dependent_plasticity	162	-0.0466548946356979	0.228421688233315	-0.072802348788652	-0.230355817774295	0.080401515986334
11	oSVZ-3	TRUE	activity_dependent_plasticity	153	-0.0784213880894188	0.264150168490841	-0.136950029223811	-0.239720909457038	0.0254796114802728
1	IZ	TRUE	activity_dependent_plasticity	283	-0.344374580828794	0.103857484402407	-0.364928794231935	-0.405413222926648	-0.305664280307022
12	L2/3-V2	TRUE	activity_dependent_plasticity	147	0.0195684504379567	0.498079443897929	-0.179591595185541	-0.376245862235134	0.325244233359361
16	L2-V1	TRUE	activity_dependent_plasticity	113	-0.00864603650157668	0.272564065565209	-0.0605693732825552	-0.218701582952572	0.166706060294865
13	SP-V2	TRUE	activity_dependent_plasticity	140	-0.159268138418245	0.169041422918188	-0.18959983581659	-0.269882240130208	-0.0644285964459964
18	iSVZ-L	TRUE	activity_dependent_plasticity	71	0.232957192487268	0.390158607664852	0.0768512121085075	-0.046261185978953	0.431116251178242
7	oSVZ-L2	TRUE	astrocyte_maturation_metabolic_support	210	0.170754599300256	0.403785983674754	0.0598133605053655	-0.0960722828760057	0.333450990488661
17	L3-V1	TRUE	astrocyte_maturation_metabolic_support	87	-0.199627189984832	0.14696298017833	-0.226847409908168	-0.294994255071653	-0.107297160497244
8	L4-V2	TRUE	astrocyte_maturation_metabolic_support	200	0.0697772598985405	0.358616039285102	-0.00140661765522776	-0.120202284656221	0.139088497291319
5	SP-V1	TRUE	astrocyte_maturation_metabolic_support	260	-0.404390241381032	0.0851667549400258	-0.418181732841266	-0.465734699119731	-0.368480301877396
2	oSVZ-1	TRUE	astrocyte_maturation_metabolic_support	282	0.608260505255919	0.650956538637216	0.472798438412142	0.196882430407016	0.785703064170253
3	VZ	TRUE	astrocyte_maturation_metabolic_support	272	1.15513762919826	1.01773510815184	0.9744168633555	0.489863028288061	1.52419243856653
15	L5/6-V2	TRUE	astrocyte_maturation_metabolic_support	119	-0.28133726785694	0.181663322419601	-0.313795751332846	-0.39713656959221	-0.205982666629635
14	UNRESOLVED	FALSE	astrocyte_maturation_metabolic_support	128	-0.522172110671284	0.0500691060528844	-0.537683254580266	-0.554994334816021	-0.5087714838203
0	iSVZ	TRUE	astrocyte_maturation_metabolic_support	307	0.112162150018754	0.383098403406813	0.00535822258580232	-0.143958780461091	0.245948008371572
4	oSVZ-2	TRUE	astrocyte_maturation_metabolic_support	265	-0.295803970808465	0.16906589463999	-0.326094622355095	-0.412726121660584	-0.223486186978134
6	oSVZ-L1	TRUE	astrocyte_maturation_metabolic_support	234	-0.206377947773863	0.202140234316088	-0.258663062947477	-0.352296453899716	-0.100050839809124
10	L4-V1	TRUE	astrocyte_maturation_metabolic_support	158	-0.13076459334504	0.161196552664279	-0.152531011929652	-0.235897122174325	-0.052333637276875
9	L5/6-V1	TRUE	astrocyte_maturation_metabolic_support	162	-0.301351268526239	0.123200390606173	-0.323349492518261	-0.37474067950322	-0.235818523390549
11	oSVZ-3	TRUE	astrocyte_maturation_metabolic_support	153	0.14299612938089	0.312322129872842	0.0942912266147499	-0.077395416648563	0.321873577376374
1	IZ	TRUE	astrocyte_maturation_metabolic_support	283	-0.414253755764498	0.108120956245603	-0.44090620828065	-0.481015481921324	-0.374867679731532
12	L2/3-V2	TRUE	astrocyte_maturation_metabolic_support	147	-0.289794999524707	0.240074613580401	-0.377877729364728	-0.484107412959853	-0.12356959352413
16	L2-V1	TRUE	astrocyte_maturation_metabolic_support	113	-0.304329044459673	0.150919492178991	-0.313455602248965	-0.415220740206945	-0.230189257891988
13	SP-V2	TRUE	astrocyte_maturation_metabolic_support	140	-0.20903660507928	0.189893336286379	-0.253766152791909	-0.342606278814915	-0.116026013508418
18	iSVZ-L	TRUE	astrocyte_maturation_metabolic_support	71	0.712977152963087	0.668721996544456	0.539639982800755	0.285481047311267	0.913049988849452
7	oSVZ-L2	TRUE	axon_guidance_neurite_outgrowth	210	0.0760517341594851	0.419673421129167	-0.013730303305137	-0.173155994878522	0.197102715611221
17	L3-V1	TRUE	axon_guidance_neurite_outgrowth	87	0.357347075786433	0.315146755552491	0.378139099815295	0.151120135268578	0.53727609146121
8	L4-V2	TRUE	axon_guidance_neurite_outgrowth	200	1.3542114061503	0.996411280636332	1.20929708326905	0.866100381362867	1.54731750175231
5	SP-V1	TRUE	axon_guidance_neurite_outgrowth	260	-0.374947270943938	0.135906045531911	-0.388020095319889	-0.472225667821387	-0.304907856053298
2	oSVZ-1	TRUE	axon_guidance_neurite_outgrowth	282	0.341876898569321	0.586714425114136	0.225085303768823	0.0116123333722765	0.513586934383505
3	VZ	TRUE	axon_guidance_neurite_outgrowth	272	0.0733860537387051	0.463686674140613	0.00455934144647346	-0.199724553227695	0.250109850709835
15	L5/6-V2	TRUE	axon_guidance_neurite_outgrowth	119	-0.0376413465301276	0.365138019846316	-0.100262824020598	-0.254051876431032	0.115878962419849
14	UNRESOLVED	FALSE	axon_guidance_neurite_outgrowth	128	-0.634732437896484	0.0841473371409275	-0.659093419523329	-0.699084937177921	-0.572685069524268
0	iSVZ	TRUE	axon_guidance_neurite_outgrowth	307	-0.170163144713069	0.307791780491326	-0.219489248938459	-0.383486887950288	-0.0595723211705113
4	oSVZ-2	TRUE	axon_guidance_neurite_outgrowth	265	-0.325782638183159	0.20153789290547	-0.34898572783134	-0.452168842972785	-0.228116115277037
6	oSVZ-L1	TRUE	axon_guidance_neurite_outgrowth	234	-0.329444877296514	0.200663890882821	-0.36819294637166	-0.463248418633353	-0.213991255708921
10	L4-V1	TRUE	axon_guidance_neurite_outgrowth	158	0.502301743807247	0.365859522994563	0.466958696826945	0.305534869243298	0.735340876599311
9	L5/6-V1	TRUE	axon_guidance_neurite_outgrowth	162	-0.171387208468883	0.215880280611527	-0.199555472382149	-0.332764421947688	-0.0497735274368396
11	oSVZ-3	TRUE	axon_guidance_neurite_outgrowth	153	0.037591811201836	0.310698349813603	-0.0264635703165609	-0.154933363339426	0.161780493099058
1	IZ	TRUE	axon_guidance_neurite_outgrowth	283	-0.392357213611357	0.165443228236445	-0.417931566362584	-0.501703741350002	-0.326029978990286
12	L2/3-V2	TRUE	axon_guidance_neurite_outgrowth	147	0.175980334987246	0.762091133725797	-0.0497682816684936	-0.469383833462571	0.718640060833537
16	L2-V1	TRUE	axon_guidance_neurite_outgrowth	113	0.0277327733717289	0.408665376518575	-0.0431203110495548	-0.292862556100854	0.265529820215492
13	SP-V2	TRUE	axon_guidance_neurite_outgrowth	140	-0.143131361971476	0.253582537470164	-0.171887637026835	-0.300218125043412	-0.0434937429113254
18	iSVZ-L	TRUE	axon_guidance_neurite_outgrowth	71	0.131315354733363	0.401201129972236	0.049047555710961	-0.091406740875123	0.273078605135759
7	oSVZ-L2	TRUE	neurogenesis_migration_layering	210	-0.020482138397156	0.357644444254496	-0.106750041221958	-0.262308112579854	0.0793602990169459
17	L3-V1	TRUE	neurogenesis_migration_layering	87	0.877542703828422	0.438346876705011	0.917009906805823	0.654205412345547	1.15544597397221
8	L4-V2	TRUE	neurogenesis_migration_layering	200	1.54025430408719	1.12577811255251	1.37236347913842	0.955998126151687	1.82817229926034
5	SP-V1	TRUE	neurogenesis_migration_layering	260	-0.42361069337623	0.10544953721517	-0.439373594781608	-0.48986628333388	-0.375673925931476
2	oSVZ-1	TRUE	neurogenesis_migration_layering	282	0.27976137505763	0.510089123886132	0.177250973618194	-0.046768602630857	0.461612414346985
3	VZ	TRUE	neurogenesis_migration_layering	272	-0.0709005620261842	0.404052786364168	-0.139114738588144	-0.320865082911584	0.0821646516035655
15	L5/6-V2	TRUE	neurogenesis_migration_layering	119	-0.0672123428518817	0.344781121567729	-0.116748713611916	-0.275386753646139	0.0272786041642611
14	UNRESOLVED	FALSE	neurogenesis_migration_layering	128	-0.580432925014248	0.130029648554968	-0.61831061011283	-0.671214510309276	-0.520174895380172
0	iSVZ	TRUE	neurogenesis_migration_layering	307	-0.250929269250197	0.266285686635127	-0.314281605487623	-0.419431524285261	-0.171892341143018
4	oSVZ-2	TRUE	neurogenesis_migration_layering	265	-0.42604877386898	0.175525376069465	-0.449086636913452	-0.525285060508076	-0.358709490771882
6	oSVZ-L1	TRUE	neurogenesis_migration_layering	234	-0.370955934469499	0.17539974106319	-0.402527613825021	-0.499104721550343	-0.283447350025085
10	L4-V1	TRUE	neurogenesis_migration_layering	158	0.786520168390515	0.434743674785095	0.777703651149655	0.459510991749188	1.03361170939164
9	L5/6-V1	TRUE	neurogenesis_migration_layering	162	-0.144655007678739	0.241919048776599	-0.195483096870533	-0.332789247735047	-0.0056145899298036
11	oSVZ-3	TRUE	neurogenesis_migration_layering	153	-0.0707927068475355	0.285508989453669	-0.154102984336898	-0.259753452668168	0.0548117808892647
1	IZ	TRUE	neurogenesis_migration_layering	283	-0.464002258181464	0.118654546576725	-0.479359979849542	-0.540022109710465	-0.412092898489778
12	L2/3-V2	TRUE	neurogenesis_migration_layering	147	0.347163461880192	0.91384946319013	-0.00799196794542179	-0.404901300108234	1.05678554229194
16	L2-V1	TRUE	neurogenesis_migration_layering	113	0.410621886774628	0.556039756243878	0.396400563051483	0.00295678533906985	0.738650842283947
13	SP-V2	TRUE	neurogenesis_migration_layering	140	-0.211877859588144	0.232912543355507	-0.233753613639568	-0.357111954551656	-0.134921377174883
18	iSVZ-L	TRUE	neurogenesis_migration_layering	71	0.0423693956258185	0.376036874917419	-0.062214161793665	-0.183355479526804	0.186713982298722
7	oSVZ-L2	TRUE	oligodendrocyte_myelination	210	0.161010050785983	0.740372931318224	0.0209180847976416	-0.108362100188283	0.216361491101425
17	L3-V1	TRUE	oligodendrocyte_myelination	87	-0.0942538966900738	0.201439745261883	-0.14166749125225	-0.229252391232722	-0.0247757193141788
8	L4-V2	TRUE	oligodendrocyte_myelination	200	0.128055137666114	0.366001967633135	0.0337539134021864	-0.0983240403071589	0.224030318521786
5	SP-V1	TRUE	oligodendrocyte_myelination	260	-0.072614726164082	0.201858807172614	-0.113834289216017	-0.22268760927585	0.0327600014225359
2	oSVZ-1	TRUE	oligodendrocyte_myelination	282	0.121307907909729	0.424110804413529	0.0194833681268596	-0.13426998900843	0.204397998298551
3	VZ	TRUE	oligodendrocyte_myelination	272	0.185579097770582	0.424883375275635	0.104775942133142	-0.0986392282763358	0.343419009633862
15	L5/6-V2	TRUE	oligodendrocyte_myelination	119	-0.0362938839429895	0.230722114315273	-0.0966424957082606	-0.204060330293662	0.0772424988573496
14	UNRESOLVED	FALSE	oligodendrocyte_myelination	128	-0.297518303922885	0.0556560676305586	-0.324133384834869	-0.324133384834869	-0.302237159839751
0	iSVZ	TRUE	oligodendrocyte_myelination	307	0.106391217870472	0.421896600658015	-0.0182986007671013	-0.169028281553686	0.243667388074735
4	oSVZ-2	TRUE	oligodendrocyte_myelination	265	-0.102059367111302	0.189712945508008	-0.152596621864886	-0.25114861622784	0.0107192321761292
6	oSVZ-L1	TRUE	oligodendrocyte_myelination	234	-0.114042301628823	0.196186307622026	-0.156633278458095	-0.258444709849515	-0.0291004477368733
10	L4-V1	TRUE	oligodendrocyte_myelination	158	0.0351098225106583	0.290288645703286	-0.0460747622153578	-0.160267880303426	0.133087515123394
9	L5/6-V1	TRUE	oligodendrocyte_myelination	162	-0.0765335767418576	0.171424044992782	-0.0893082145585904	-0.198884411126954	0.0114309775292157
11	oSVZ-3	TRUE	oligodendrocyte_myelination	153	0.0190391766415497	0.250267705401	-0.0422468185554239	-0.160267880303426	0.112088638841277
1	IZ	TRUE	oligodendrocyte_myelination	283	-0.0727552359238072	0.218123775512807	-0.114423906603779	-0.208884540266248	0.00458939264620145
12	L2/3-V2	TRUE	oligodendrocyte_myelination	147	-0.184098729164429	0.1679836850668	-0.258444709849515	-0.302237159839751	-0.121153445585677
16	L2-V1	TRUE	oligodendrocyte_myelination	113	-0.174496950598199	0.156759382403535	-0.214652259859279	-0.273044841222958	-0.135102709295378
13	SP-V2	TRUE	oligodendrocyte_myelination	140	0.0690254443313451	0.381936506071342	-0.0124762876744708	-0.158786514191772	0.171378320113466
18	iSVZ-L	TRUE	oligodendrocyte_myelination	71	0.113890263058912	0.370079156868858	0.0228655674962564	-0.11790155349484	0.201359110059964
7	oSVZ-L2	TRUE	patterning_arealization	210	0.207744619319236	0.381903550111106	0.0793968897006943	-0.0546671566564349	0.345537997119497
17	L3-V1	TRUE	patterning_arealization	87	-0.0479408093441877	0.188313203730113	-0.0376008446080819	-0.160239072241103	0.0440471033943056
8	L4-V2	TRUE	patterning_arealization	200	0.387903062298791	0.445116188979616	0.284903396531181	0.135634188978863	0.516539389069451
5	SP-V1	TRUE	patterning_arealization	260	-0.387391390590802	0.117330637673337	-0.412870155619028	-0.452305126441173	-0.355765222261714
2	oSVZ-1	TRUE	patterning_arealization	282	0.63651254607253	0.64400571577022	0.503965442367395	0.231187988007264	0.880653179032716
3	VZ	TRUE	patterning_arealization	272	0.620016916740456	0.691914859746497	0.542892065223547	0.143303470771362	0.907904288552
15	L5/6-V2	TRUE	patterning_arealization	119	-0.13998339245022	0.266386968287365	-0.18954492960936	-0.303806127413963	-0.0456266758686155
14	UNRESOLVED	FALSE	patterning_arealization	128	-0.555448065959836	0.0589524541224349	-0.567894372232094	-0.595322924179202	-0.536931668188557
0	iSVZ	TRUE	patterning_arealization	307	0.0369848455494766	0.352291646868335	-0.0474235767759081	-0.194140390110899	0.148003246649999
4	oSVZ-2	TRUE	patterning_arealization	265	-0.304619814886937	0.162564813054102	-0.325185024992157	-0.404544289531519	-0.243459762087847
6	oSVZ-L1	TRUE	patterning_arealization	234	-0.191521440891763	0.203469846192208	-0.238614697995894	-0.324549020393681	-0.0769940871133683
10	L4-V1	TRUE	patterning_arealization	158	0.145684276368601	0.249719647877437	0.112812653888538	-0.0351962101764876	0.28047382339274
9	L5/6-V1	TRUE	patterning_arealization	162	-0.217537096619444	0.209456873741617	-0.2637464024208	-0.349321876630834	-0.13329963994945
11	oSVZ-3	TRUE	patterning_arealization	153	0.133302796438721	0.312623901546413	0.0684061335072431	-0.116890622864493	0.301744274564992
1	IZ	TRUE	patterning_arealization	283	-0.412326689681731	0.0936685769413068	-0.426277969310665	-0.468020129942532	-0.373785361020509
12	L2/3-V2	TRUE	patterning_arealization	147	-0.277710721714879	0.30483615797133	-0.405164822442609	-0.518880929587379	-0.0812177166348251
16	L2-V1	TRUE	patterning_arealization	113	-0.261903100784719	0.180436033884678	-0.309159062153497	-0.401412952961383	-0.142214607285486
13	SP-V2	TRUE	patterning_arealization	140	-0.162193072845171	0.210653469667278	-0.206450606913728	-0.3003596265072	-0.0587289604899052
18	iSVZ-L	TRUE	patterning_arealization	71	0.55108961645571	0.540553624051633	0.403479627098642	0.227593291552948	0.768605921643623
7	oSVZ-L2	TRUE	progenitor_radial_glia	210	0.36719245167543	0.491055751639557	0.239390479919108	0.0474158541424443	0.506808424079567
17	L3-V1	TRUE	progenitor_radial_glia	87	-0.36440803759831	0.11750721974011	-0.379060571543768	-0.45264465833593	-0.298073722645174
8	L4-V2	TRUE	progenitor_radial_glia	200	-0.200379865574326	0.240426818506732	-0.239798738125083	-0.335786024027629	-0.112420447100758
5	SP-V1	TRUE	progenitor_radial_glia	260	-0.546001128909458	0.0539352030991841	-0.552134049456146	-0.587252143398648	-0.521218048021742
2	oSVZ-1	TRUE	progenitor_radial_glia	282	1.16452225081715	0.921207655224283	0.960436078752644	0.52715416470986	1.54981465338042
3	VZ	TRUE	progenitor_radial_glia	272	1.18361397742772	0.927927769090067	1.04262792141296	0.552894229472498	1.62541552506966
15	L5/6-V2	TRUE	progenitor_radial_glia	119	-0.502496545575204	0.104245718297239	-0.526594972975999	-0.587506936236557	-0.431763181814816
14	UNRESOLVED	FALSE	progenitor_radial_glia	128	-0.60395982914522	0.0375206353737016	-0.61263317756813	-0.63580270734346	-0.585929148801028
0	iSVZ	TRUE	progenitor_radial_glia	307	0.196468809687882	0.467106849115642	0.0550039065392334	-0.0858186961892819	0.310152317504813
4	oSVZ-2	TRUE	progenitor_radial_glia	265	-0.295548438843515	0.195295045624965	-0.327490232606611	-0.432583635867207	-0.187791112584058
6	oSVZ-L1	TRUE	progenitor_radial_glia	234	-0.132202094494603	0.254695644567846	-0.177201029255863	-0.315216432598285	-0.0361859516813563
10	L4-V1	TRUE	progenitor_radial_glia	158	-0.369300692273199	0.113980698884246	-0.38123472226623	-0.449049594401922	-0.312996380654714
9	L5/6-V1	TRUE	progenitor_radial_glia	162	-0.537204443549854	0.054686129463931	-0.543932222361054	-0.570818115867557	-0.508764810077701
11	oSVZ-3	TRUE	progenitor_radial_glia	153	0.366796230133394	0.424278924914308	0.273283980278012	0.077299765761738	0.515589607843543
1	IZ	TRUE	progenitor_radial_glia	283	-0.501242418224947	0.0961336711919139	-0.523037856647491	-0.561946082760214	-0.46186564290409
12	L2/3-V2	TRUE	progenitor_radial_glia	147	-0.450132483207835	0.171560671665817	-0.503548249957821	-0.585443484917068	-0.35766832917612
16	L2-V1	TRUE	progenitor_radial_glia	113	-0.441882562348057	0.0904603049598313	-0.448685191153263	-0.505541910325212	-0.381597992957684
13	SP-V2	TRUE	progenitor_radial_glia	140	-0.26339959005846	0.204795598804124	-0.311588354665689	-0.398982993740805	-0.167676070401521
18	iSVZ-L	TRUE	progenitor_radial_glia	71	0.794665928330191	0.636993830309288	0.642519865513425	0.332788651846569	1.03788731302704
7	oSVZ-L2	TRUE	synaptic_assembly_receptor_trafficking	210	-0.175738976263558	0.253036053190961	-0.236260740385198	-0.336735148279922	-0.0856115369845051
17	L3-V1	TRUE	synaptic_assembly_receptor_trafficking	87	0.978469229941672	0.458477904754075	0.991645608188807	0.67250383212603	1.27707162952103
8	L4-V2	TRUE	synaptic_assembly_receptor_trafficking	200	2.0623021663214	1.21993861442624	1.89074622009486	1.44762163990722	2.31273198059222
5	SP-V1	TRUE	synaptic_assembly_receptor_trafficking	260	-0.326235716598628	0.128192963556473	-0.348594772954003	-0.410731467362936	-0.260733150501856
2	oSVZ-1	TRUE	synaptic_assembly_receptor_trafficking	282	-0.0703702097224253	0.319526938761674	-0.127918389719755	-0.268373057706341	0.0447944012752562
3	VZ	TRUE	synaptic_assembly_receptor_trafficking	272	-0.154251866214205	0.336557064152451	-0.222333731728291	-0.373673764143916	-0.0343253509099449
15	L5/6-V2	TRUE	synaptic_assembly_receptor_trafficking	119	0.132226305750398	0.461499010680747	0.0373254283323906	-0.10324186215277	0.25268584582925
14	UNRESOLVED	FALSE	synaptic_assembly_receptor_trafficking	128	-0.553840664539122	0.115123133761675	-0.583594283678952	-0.64223469839995	-0.499503039657563
0	iSVZ	TRUE	synaptic_assembly_receptor_trafficking	307	-0.355845479760838	0.184235548164659	-0.401370084598227	-0.476584506509143	-0.285932705562043
4	oSVZ-2	TRUE	synaptic_assembly_receptor_trafficking	265	-0.455153358507498	0.124279978935458	-0.467681709570711	-0.525435990494768	-0.403221230824847
6	oSVZ-L1	TRUE	synaptic_assembly_receptor_trafficking	234	-0.437680857748371	0.127440665738632	-0.450996738215952	-0.527261694287582	-0.386573855904219
10	L4-V1	TRUE	synaptic_assembly_receptor_trafficking	158	1.1698638349007	0.528325263221111	1.12494879336277	0.775888065685042	1.46682046489569
9	L5/6-V1	TRUE	synaptic_assembly_receptor_trafficking	162	0.0271933292967514	0.290326782401959	-0.0242479674279897	-0.205889926786892	0.220870381718239
11	oSVZ-3	TRUE	synaptic_assembly_receptor_trafficking	153	-0.247473127661123	0.189198901327939	-0.286597260588483	-0.383879621550301	-0.151808478682133
1	IZ	TRUE	synaptic_assembly_receptor_trafficking	283	-0.441402476295789	0.117567311568549	-0.466575643366315	-0.515747552777245	-0.38261611591473
12	L2/3-V2	TRUE	synaptic_assembly_receptor_trafficking	147	0.305078958406461	0.858023739018616	-0.0544366465723378	-0.423288695768397	0.900293571617939
16	L2-V1	TRUE	synaptic_assembly_receptor_trafficking	113	0.314117004269201	0.506901865530805	0.268529420440636	-0.0726067729130472	0.656137032703001
13	SP-V2	TRUE	synaptic_assembly_receptor_trafficking	140	-0.172355624961055	0.214621185946925	-0.187742106812709	-0.2999789816117	-0.0707004315761162
18	iSVZ-L	TRUE	synaptic_assembly_receptor_trafficking	71	-0.131003342471547	0.28363781095748	-0.211199662395451	-0.287883073181315	-0.0386922843169606
7	oSVZ-L2	TRUE	synaptic_membrane_structural_candidates	210	-0.10748776227986	0.286991860911003	-0.178538815200543	-0.288768252952157	0.0026286715342537
17	L3-V1	TRUE	synaptic_membrane_structural_candidates	87	0.735229573087801	0.402385071671992	0.735058670748676	0.511961047117421	0.953534039159191
8	L4-V2	TRUE	synaptic_membrane_structural_candidates	200	1.82527299048915	1.195100382059	1.63183484345874	1.23623343800718	2.15097759481417
5	SP-V1	TRUE	synaptic_membrane_structural_candidates	260	-0.34733290224211	0.111794740625896	-0.360676677285611	-0.426139557349756	-0.29255836898647
2	oSVZ-1	TRUE	synaptic_membrane_structural_candidates	282	0.0639004860193419	0.405930142716866	0.0219597753773213	-0.17364704141565	0.192169432623323
3	VZ	TRUE	synaptic_membrane_structural_candidates	272	0.0184869764031524	0.412042208461763	-0.0503128193906361	-0.253653749296396	0.172162278363102
15	L5/6-V2	TRUE	synaptic_membrane_structural_candidates	119	0.0707896526929691	0.411446178140059	-0.0182065881526529	-0.169179819127465	0.186720285337018
14	UNRESOLVED	FALSE	synaptic_membrane_structural_candidates	128	-0.553877607321751	0.096848476477831	-0.580050164708803	-0.628374640553527	-0.509468276927402
0	iSVZ	TRUE	synaptic_membrane_structural_candidates	307	-0.26766234575646	0.23066191250827	-0.321147252690441	-0.410845243023711	-0.18791755406612
4	oSVZ-2	TRUE	synaptic_membrane_structural_candidates	265	-0.428033222125915	0.130801294548923	-0.436009371686672	-0.509803557393693	-0.369268363655386
6	oSVZ-L1	TRUE	synaptic_membrane_structural_candidates	234	-0.406628107009894	0.134241351431253	-0.425638161152274	-0.506817819340894	-0.329873877238971
10	L4-V1	TRUE	synaptic_membrane_structural_candidates	158	0.846469256974765	0.441018317530983	0.822017749228023	0.556739435258256	1.09313424781687
9	L5/6-V1	TRUE	synaptic_membrane_structural_candidates	162	-0.0475989661893734	0.251634964061428	-0.100259219485745	-0.239251192084973	0.0827330009470948
11	oSVZ-3	TRUE	synaptic_membrane_structural_candidates	153	-0.170279447399204	0.219080972739287	-0.197096871715685	-0.327754069669025	-0.0643832335841202
1	IZ	TRUE	synaptic_membrane_structural_candidates	283	-0.438935054437124	0.110229715380637	-0.462977359749711	-0.507714575454563	-0.388602568037484
12	L2/3-V2	TRUE	synaptic_membrane_structural_candidates	147	0.268096712341953	0.805599152792019	-0.0325902663468565	-0.403075643641751	0.79973558907266
16	L2-V1	TRUE	synaptic_membrane_structural_candidates	113	0.216951586002647	0.472604993003362	0.157260185005229	-0.135518230753644	0.480188974360606
13	SP-V2	TRUE	synaptic_membrane_structural_candidates	140	-0.174183141097217	0.190308395789368	-0.181199425981102	-0.313188799118146	-0.0762952055586306
18	iSVZ-L	TRUE	synaptic_membrane_structural_candidates	71	-0.0178075382638042	0.324912171295306	-0.0618327643790983	-0.237500185712934	0.0914070825541458
