chemical_name	final_biological_class	final_evidence_strength	classification_claim_scope	mechanistic_priority_scope	replicate_concordant_sensitivity_class	baseline_rank_mechanistic	minimum_rank_mechanistic	maximum_rank_mechanistic	mean_rank_mechanistic	rank_standard_deviation_mechanistic	minimum_score_mechanistic	maximum_score_mechanistic	rank_range_mechanistic	stable_top5_all_mechanistic_scenarios	baseline_rank_confidence	minimum_rank_confidence	maximum_rank_confidence	mean_rank_confidence	rank_standard_deviation_confidence	minimum_score_confidence	maximum_score_confidence	rank_range_confidence	stable_top10_all_confidence_scenarios	mechanistic_rank_robustness_class	confidence_rank_robustness_class	Phase6F4_overall_robustness
hexetidine	CMAP_only_global_residual_injury_or_mixed_mechanism	provisional_strong_CMAP_only	CMAP_only_provisional_classification	CMAP_only_provisional											16	13	24	17.0	4.123105625617661	0.0	40.0	11	False	not_applicable_CMAP_only_scope	layer_sensitive	sensitivity_dependent
suloctidil	CMAP_only_global_residual_injury_or_mixed_mechanism	provisional_strong_CMAP_only	CMAP_only_provisional_classification	CMAP_only_provisional											17	14	29	18.8	5.848076606885378	0.0	40.0	15	False	not_applicable_CMAP_only_scope	layer_sensitive	sensitivity_dependent
methotrexate	CMAP_only_global_residual_early_program_suppression	provisional_strong_CMAP_only	CMAP_only_provisional_classification	CMAP_only_provisional											18	16	25	19.0	3.464101615137755	0.0	37.69230769230769	9	False	not_applicable_CMAP_only_scope	layer_sensitive	sensitivity_dependent
monobenzone	CMAP_only_relative_residual_profile	provisional_moderate_CMAP_only	CMAP_only_provisional_classification	CMAP_only_provisional											19	18	26	20.2	3.271085446759225	0.0	28.46153846153846	8	False	not_applicable_CMAP_only_scope	layer_sensitive	sensitivity_dependent
H-7	CMAP_only_program_overlap_dependent_or_unresolved	provisional_limited_CMAP_only	CMAP_only_provisional_classification	CMAP_only_provisional											20	18	20	19.6	0.8944271909999161	0.0	25.128205128205128	2	False	not_applicable_CMAP_only_scope	high_rank_stability	moderate_overall_robustness
GW-8510	CMAP_only_program_overlap_dependent_or_unresolved	provisional_limited_CMAP_only	CMAP_only_provisional_classification	CMAP_only_provisional											21	17	21	20.2	1.7888543819998315	0.0	24.615384615384617	4	False	not_applicable_CMAP_only_scope	moderate_rank_stability	moderate_overall_robustness
0175029-0000	CMAP_only_program_overlap_dependent_or_unresolved	provisional_limited_CMAP_only	CMAP_only_provisional_classification	CMAP_only_provisional											22	16	22	20.8	2.6832815729997477	0.0	22.05128205128205	6	False	not_applicable_CMAP_only_scope	moderate_rank_stability	moderate_overall_robustness
alsterpaullone	CMAP_only_program_overlap_dependent_or_unresolved	provisional_limited_CMAP_only	CMAP_only_provisional_classification	CMAP_only_provisional											23	21	23	22.6	0.8944271909999161	0.0	22.05128205128205	2	False	not_applicable_CMAP_only_scope	high_rank_stability	moderate_overall_robustness
scriptaid	CMAP_only_no_fixed_panel_mechanism	provisional_limited_CMAP_only	CMAP_only_provisional_classification	CMAP_only_provisional											26	26	28	26.4	0.8944271909999161	0.0	16.923076923076923	2	False	not_applicable_CMAP_only_scope	high_rank_stability	moderate_overall_robustness
ellipticine	CMAP_only_program_overlap_dependent_or_unresolved	provisional_limited_CMAP_only	CMAP_only_provisional_classification	CMAP_only_provisional											24	22	24	23.6	0.8944271909999161	0.0	21.53846153846154	2	False	not_applicable_CMAP_only_scope	high_rank_stability	moderate_overall_robustness
fenoprofen	CMAP_only_program_overlap_dependent_or_unresolved	provisional_limited_CMAP_only	CMAP_only_provisional_classification	CMAP_only_provisional											25	23	25	24.6	0.8944271909999161	0.0	21.53846153846154	2	False	not_applicable_CMAP_only_scope	high_rank_stability	moderate_overall_robustness
HC toxin	CMAP_only_no_fixed_panel_mechanism	provisional_limited_CMAP_only	CMAP_only_provisional_classification	CMAP_only_provisional											27	19	27	25.4	3.577708763999664	0.0	15.384615384615385	8	False	not_applicable_CMAP_only_scope	layer_sensitive	sensitivity_dependent
SC-58125	CMAP_only_no_fixed_panel_mechanism	provisional_limited_CMAP_only	CMAP_only_provisional_classification	CMAP_only_provisional											28	20	28	26.4	3.577708763999664	0.0	15.384615384615385	8	False	not_applicable_CMAP_only_scope	layer_sensitive	sensitivity_dependent
natamycin	CMAP_only_no_fixed_panel_mechanism	provisional_limited_CMAP_only	CMAP_only_provisional_classification	CMAP_only_provisional											29	27	29	28.6	0.8944271909999161	0.0	15.384615384615385	2	False	not_applicable_CMAP_only_scope	high_rank_stability	moderate_overall_robustness
camptothecin	injury_dominant_developmental_perturbant	strong_multilayer_evidence	direct_quantitative_multilayer_classification	integrated_CMAP_plus_direct_LINCS	all_primary_absolute_axes_bootstrap_replicated	1.0	1.0	1.0	1.0	0.0	55.0	85.0	0.0	True	2	1	4	2.4	1.1401754250991378	71.02665257098496	86.96665492026526	3	True	high_rank_stability	high_rank_stability	high_overall_robustness
etoposide	injury_dominant_developmental_perturbant	strong_directional_multilayer_evidence	direct_quantitative_multilayer_classification	integrated_CMAP_plus_direct_LINCS	all_primary_absolute_axes_directionally_retained	2.0	2.0	4.0	2.3333333333333335	0.816496580927726	46.66666666666666	83.0	2.0	True	1	1	3	1.6	0.8944271909999159	72.70706089330773	86.66666666666666	2	True	high_rank_stability	high_rank_stability	high_overall_robustness
doxorubicin	injury_dominant_developmental_perturbant	strong_multilayer_evidence	direct_quantitative_multilayer_classification	integrated_CMAP_plus_direct_LINCS	all_primary_absolute_axes_bootstrap_replicated	3.0	3.0	4.0	3.3333333333333335	0.5163977794943222	20.0	55.0	1.0	True	4	2	5	3.6	1.140175425099138	63.471097015429415	80.67035862396895	3	True	high_rank_stability	high_rank_stability	high_overall_robustness
daunorubicin	injury_dominant_developmental_perturbant	strong_multilayer_evidence	direct_quantitative_multilayer_classification	integrated_CMAP_plus_direct_LINCS	all_primary_absolute_axes_bootstrap_replicated	4.0	2.0	9.0	4.833333333333333	2.316606713852541	4.0	55.0	7.0	False	6	5	10	6.6	2.073644135332772	47.65575483575191	68.91688018116275	5	True	weight_sensitive	moderate_rank_stability	sensitivity_dependent
resveratrol	null_relative_deviation_without_absolute_effect	moderate_multilayer_evidence	direct_quantitative_multilayer_classification	integrated_CMAP_plus_direct_LINCS	no_primary_absolute_axes_but_all_directions_stable	5.0	3.0	11.0	5.166666666666667	2.9944392908634274	0.0	73.0	8.0	False	5	2	10	5.6	2.8809720581775866	54.042590888975695	76.77308482971064	8	True	weight_sensitive	layer_sensitive	sensitivity_dependent
verapamil	late_program_depletion_without_detected_injury	moderate_multilayer_evidence	direct_quantitative_multilayer_classification	integrated_CMAP_plus_direct_LINCS	all_primary_absolute_axes_bootstrap_replicated	7.0	6.0	15.0	8.166666666666666	3.3714487489307423	2.0	15.0	9.0	False	7	6	13	8.0	2.8284271247461903	43.47109701542941	64.0036919573023	7	False	weight_sensitive	moderate_rank_stability	sensitivity_dependent
primaquine	negative_developmental_state_shift_without_resolved_mechanism	moderate_multilayer_evidence	direct_quantitative_multilayer_classification	integrated_CMAP_plus_direct_LINCS	partial_primary_axis_retention	6.0	5.0	14.0	7.166666666666667	3.3714487489307423	2.0	15.0	9.0	False	14	9	17	12.8	3.0331501776206204	33.84615384615385	50.29998825359859	8	False	weight_sensitive	layer_sensitive	sensitivity_dependent
dexamethasone	late_program_depletion_without_detected_injury	moderate_multilayer_evidence	direct_quantitative_multilayer_classification	integrated_CMAP_plus_direct_LINCS	partial_primary_axis_retention	8.0	7.0	12.0	9.0	2.0	2.0	10.0	5.0	False	12	8	13	11.0	1.8708286933869709	41.735121435535646	53.65944184568868	5	False	moderate_rank_stability	moderate_rank_stability	moderate_overall_robustness
vorinostat	late_program_support_with_positive_developmental_shift	strong_directional_multilayer_evidence	direct_quantitative_multilayer_classification	integrated_CMAP_plus_direct_LINCS	all_primary_absolute_axes_directionally_retained	12.0	8.0	15.0	11.666666666666666	2.250925735484551	0.0	10.0	7.0	False	3	1	4	3.0	1.224744871391589	71.62393162393163	82.96357183668924	3	True	weight_sensitive	high_rank_stability	sensitivity_dependent
mitoxantrone	quantitatively_evaluated_without_supported_absolute_effect	moderate_multilayer_evidence	direct_quantitative_multilayer_classification	integrated_CMAP_plus_direct_LINCS	no_primary_absolute_axes_but_all_directions_stable	9.0	5.0	10.0	8.333333333333334	1.7511900715418263	0.0	10.0	5.0	False	8	6	12	8.8	2.16794833886788	49.44444444444444	62.0	6	False	moderate_rank_stability	moderate_rank_stability	moderate_overall_robustness
valproic acid	positive_developmental_shift_without_coherent_late_support	moderate_multilayer_evidence	direct_quantitative_multilayer_classification	integrated_CMAP_plus_direct_LINCS	all_primary_absolute_axes_directionally_retained	11.0	7.0	14.0	10.666666666666666	2.250925735484551	0.0	10.0	7.0	False	11	10	12	11.0	1.0	46.83617638050878	55.696813650423984	2	False	weight_sensitive	high_rank_stability	sensitivity_dependent
trichostatin A	late_program_support_with_positive_developmental_shift	moderate_primary_evidence_reproducibility_not_evaluable	direct_quantitative_multilayer_classification	integrated_CMAP_plus_direct_LINCS	not_evaluable_no_replicate_concordant_profiles	10.0	6.0	13.0	9.666666666666666	2.250925735484551	0.0	10.0	7.0	False	13	7	14	12.0	2.9154759474226504	39.297817205402986	60.49071397981691	7	False	weight_sensitive	moderate_rank_stability	sensitivity_dependent
rifabutin	null_relative_deviation_without_absolute_effect	limited_direct_evidence	direct_quantitative_multilayer_classification	integrated_CMAP_plus_direct_LINCS	no_primary_absolute_axes_mixed_directional_stability	13.0	10.0	13.0	12.333333333333334	1.2110601416389968	0.0	4.0	3.0	False	15	14	19	15.6	1.949358868961793	26.923076923076923	39.693319237651636	5	False	moderate_rank_stability	moderate_rank_stability	moderate_overall_robustness
fulvestrant	positive_developmental_shift_without_coherent_late_support	moderate_multilayer_evidence	direct_quantitative_multilayer_classification	integrated_CMAP_plus_direct_LINCS	all_primary_absolute_axes_bootstrap_replicated	15.0	9.0	15.0	13.666666666666666	2.422120283277993	0.0	2.0	6.0	False	9	6	15	9.2	3.4205262752974135	38.13776368209608	62.29046108796008	9	False	weight_sensitive	layer_sensitive	sensitivity_dependent
dosulepin	absolute_developmental_effect_without_fixed_mechanistic_class	moderate_multilayer_evidence	direct_quantitative_multilayer_classification	integrated_CMAP_plus_direct_LINCS	all_primary_absolute_axes_directionally_retained	14.0	8.0	14.0	12.666666666666666	2.422120283277993	0.0	2.0	6.0	False	10	8	15	10.6	2.701851217221259	38.46153846153847	57.52855632605532	7	False	weight_sensitive	moderate_rank_stability	sensitivity_dependent
