profile_index	profile_id	analysis_scope	is_primary_scope	chemical_query	evidence_tier	signature_count	unique_cell_count	neural_lineage_signature_count	axis_name	observed_score	null_mean	null_standard_deviation	empirical_z	empirical_p_upper	empirical_p_lower	empirical_p_two_sided	empirical_p_upper_FDR_within_axis	empirical_p_upper_FDR_within_scope_all_axes	empirical_p_lower_FDR_within_axis	empirical_p_lower_FDR_within_scope_all_axes	empirical_p_two_sided_FDR_within_axis	empirical_p_two_sided_FDR_within_scope_all_axes	maxT_p_upper_within_axis	maxT_p_lower_within_axis	maxT_p_two_sided_within_axis	maxT_p_upper_within_scope_all_axes	maxT_p_lower_within_scope_all_axes	maxT_p_two_sided_within_scope_all_axes	directional_FDR_evidence_class	global_maxT_evidence_class
0	all_cells_cell_balanced|camptothecin	all_cells_cell_balanced	True	camptothecin	Tier_A_global_residual_mechanism	42	7	0	developmental_shift	0.14602978640148545	0.2963789263695478	0.024554787092289868	-6.123007273611082	1.0	0.0001999600079984003	0.0003999200159968006	1.0	1.0	0.0009998000399920016	0.0025709143885508613	0.0005998800239952009	0.001894357970511161	1.0	0.0001999600079984003	0.0001999600079984003	1.0	0.0001999600079984003	0.0001999600079984003	negative_FDR_supported	negative_global_maxT_supported
3	all_cells_cell_balanced|dosulepin	all_cells_cell_balanced	True	dosulepin	Tier_D_no_fixed_panel_mechanism	42	7	0	developmental_shift	-0.012280753325177134	-0.04708383040130138	0.004667614429135702	7.456287918487882	0.0001999600079984003	1.0	0.0003999200159968006	0.00042848573142514353	0.0014997000599880023	1.0	1.0	0.0005998800239952009	0.001894357970511161	0.0001999600079984003	1.0	0.0001999600079984003	0.0001999600079984003	1.0	0.0001999600079984003	positive_FDR_supported	positive_global_maxT_supported
4	all_cells_cell_balanced|doxorubicin	all_cells_cell_balanced	True	doxorubicin	Tier_B_relative_residual_profile	42	7	0	developmental_shift	0.20510414851426395	0.2674118266642094	0.013188571618208494	-4.724368942571596	1.0	0.0001999600079984003	0.0003999200159968006	1.0	1.0	0.0009998000399920016	0.0025709143885508613	0.0005998800239952009	0.001894357970511161	1.0	0.0001999600079984003	0.0001999600079984003	1.0	0.0001999600079984003	0.0005998800239952009	negative_FDR_supported	negative_global_maxT_supported
6	all_cells_cell_balanced|fulvestrant	all_cells_cell_balanced	True	fulvestrant	Tier_D_no_fixed_panel_mechanism	42	7	0	developmental_shift	0.06991288906071988	0.030982822645641863	0.005073538630527132	7.673158568427663	0.0001999600079984003	1.0	0.0003999200159968006	0.00042848573142514353	0.0014997000599880023	1.0	1.0	0.0005998800239952009	0.001894357970511161	0.0001999600079984003	1.0	0.0001999600079984003	0.0001999600079984003	1.0	0.0001999600079984003	positive_FDR_supported	positive_global_maxT_supported
8	all_cells_cell_balanced|primaquine	all_cells_cell_balanced	True	primaquine	Tier_C_program_overlap_dependent	42	7	0	developmental_shift	-0.028571030200347985	0.022624448434542865	0.005510055480227607	-9.291281878848903	1.0	0.0001999600079984003	0.0003999200159968006	1.0	1.0	0.0009998000399920016	0.0025709143885508613	0.0005998800239952009	0.001894357970511161	1.0	0.0001999600079984003	0.0001999600079984003	1.0	0.0001999600079984003	0.0001999600079984003	negative_FDR_supported	negative_global_maxT_supported
9	all_cells_cell_balanced|resveratrol	all_cells_cell_balanced	True	resveratrol	Tier_A_global_residual_mechanism	171	21	27	developmental_shift	-0.028018095661379153	-0.05701342829540372	0.0036665979514941397	7.907966190350638	0.0001999600079984003	1.0	0.0003999200159968006	0.00042848573142514353	0.0014997000599880023	1.0	1.0	0.0005998800239952009	0.001894357970511161	0.0001999600079984003	1.0	0.0001999600079984003	0.0001999600079984003	1.0	0.0001999600079984003	positive_FDR_supported	positive_global_maxT_supported
10	all_cells_cell_balanced|rifabutin	all_cells_cell_balanced	True	rifabutin	Tier_C_program_overlap_dependent	42	7	0	developmental_shift	-0.003913441369064741	-0.02815537804067135	0.005559410470830579	4.360522900548635	0.0001999600079984003	1.0	0.0003999200159968006	0.00042848573142514353	0.0014997000599880023	1.0	1.0	0.0005998800239952009	0.001894357970511161	0.0005998800239952009	1.0	0.0005998800239952009	0.0009998000399920016	1.0	0.0015996800639872025	positive_FDR_supported	positive_global_maxT_supported
11	all_cells_cell_balanced|trichostatin A	all_cells_cell_balanced	True	trichostatin A	Tier_C_program_overlap_dependent	15	5	3	developmental_shift	0.29635286357579005	0.16142238242328166	0.020094566683854793	6.7147743604205115	0.0001999600079984003	1.0	0.0003999200159968006	0.00042848573142514353	0.0014997000599880023	1.0	1.0	0.0005998800239952009	0.001894357970511161	0.0001999600079984003	1.0	0.0001999600079984003	0.0001999600079984003	1.0	0.0001999600079984003	positive_FDR_supported	positive_global_maxT_supported
12	all_cells_cell_balanced|valproic acid	all_cells_cell_balanced	True	valproic acid	Tier_C_program_overlap_dependent	42	7	0	developmental_shift	0.0052358859186557825	-0.05158182012140751	0.005913532874119249	9.608081539332884	0.0001999600079984003	1.0	0.0003999200159968006	0.00042848573142514353	0.0014997000599880023	1.0	1.0	0.0005998800239952009	0.001894357970511161	0.0001999600079984003	1.0	0.0001999600079984003	0.0001999600079984003	1.0	0.0001999600079984003	positive_FDR_supported	positive_global_maxT_supported
14	all_cells_cell_balanced|vorinostat	all_cells_cell_balanced	True	vorinostat	Tier_C_program_overlap_dependent	210	22	46	developmental_shift	0.22947652867600637	0.13676331606358288	0.009955728188151668	9.31254960563926	0.0001999600079984003	1.0	0.0003999200159968006	0.00042848573142514353	0.0014997000599880023	1.0	1.0	0.0005998800239952009	0.001894357970511161	0.0001999600079984003	1.0	0.0001999600079984003	0.0001999600079984003	1.0	0.0001999600079984003	positive_FDR_supported	positive_global_maxT_supported
1	all_cells_cell_balanced|daunorubicin	all_cells_cell_balanced	True	daunorubicin	Tier_C_program_overlap_dependent	41	7	0	developmental_shift	0.23226651199782164	0.2732375680059195	0.014236787859896214	-2.877830056280442	0.9978004399120176	0.0023995200959808036	0.004799040191961607	1.0	1.0	0.008998200359928014	0.015425486331305166	0.006544145716311283	0.01393269733150144	1.0	0.030193961207758448	0.05898820235952809	1.0	0.15696860627874426	0.2709458108378324	negative_FDR_supported	not_global_maxT_supported
5	all_cells_cell_balanced|etoposide	all_cells_cell_balanced	True	etoposide	Tier_A_global_residual_mechanism	57	9	3	developmental_shift	0.08107196126005943	0.06624135890156031	0.006580998629650142	2.2535489206274972	0.010397920415916816	0.9898020395920816	0.020795840831833633	0.019496100779844032	0.04925330723329018	1.0	1.0	0.025994801039792043	0.05504781396661844	0.14917016596680663	1.0	0.27714457108578283	0.6132773445310937	1.0	0.8050389922015597	positive_FDR_supported	not_global_maxT_supported
13	all_cells_cell_balanced|verapamil	all_cells_cell_balanced	True	verapamil	Tier_C_program_overlap_dependent	42	7	0	developmental_shift	-0.03116322750905445	-0.0407102224688977	0.004546342436005672	2.0999286996584132	0.01759648070385923	0.9826034793041392	0.03519296140771846	0.02932746783976538	0.07541348873082526	1.0	1.0	0.040607263162752066	0.08798240351929615	0.21815636872625474	1.0	0.3887222555488902	0.7498500299940012	1.0	0.9080183963207359	not_FDR_supported	not_global_maxT_supported
2	all_cells_cell_balanced|dexamethasone	all_cells_cell_balanced	True	dexamethasone	Tier_D_no_fixed_panel_mechanism	57	9	3	developmental_shift	-0.025543895590026018	-0.016488827517879143	0.0058106871141038055	-1.558347213390349	0.94501099780044	0.055188962207558485	0.11037792441511697	1.0	1.0	0.16556688662267544	0.20920815836832632	0.11826206187333961	0.2049386041159115	1.0	0.5746850629874025	0.8214357128574286	1.0	0.9882023595280944	0.9998000399920016	not_FDR_supported	not_global_maxT_supported
7	all_cells_cell_balanced|mitoxantrone	all_cells_cell_balanced	True	mitoxantrone	Tier_C_program_overlap_dependent	345	29	7	developmental_shift	0.3078422324714972	0.30619050579071044	0.008538362884484072	0.19344770222735566	0.4287142571485703	0.5714857028594281	0.8574285142971406	0.6430713857228555	0.8769155259857121	1.0	1.0	0.8574285142971406	0.8973089103109612	0.9994001199760048	1.0	1.0	1.0	1.0	1.0	not_FDR_supported	not_global_maxT_supported
3	all_cells_cell_balanced|dosulepin	all_cells_cell_balanced	True	dosulepin	Tier_D_no_fixed_panel_mechanism	42	7	0	early_program_suppression	0.005469024574927338	0.027545093603036367	0.007427047585653171	-2.9723882570448823	0.9984003199360127	0.001799640071985603	0.003599280143971206	0.9984003199360127	1.0	0.026994601079784044	0.015425486331305166	0.05398920215956809	0.012854571942754306	1.0	0.02419516096780644	0.04459108178364327	1.0	0.12077584483103379	0.21095780843831233	negative_FDR_supported	not_global_maxT_supported
12	all_cells_cell_balanced|valproic acid	all_cells_cell_balanced	True	valproic acid	Tier_C_program_overlap_dependent	42	7	0	early_program_suppression	0.030709099520693832	0.012091488881438909	0.00986327350028544	1.8875691360192064	0.027994401119776045	0.9722055588882224	0.05598880223955209	0.3079384123175365	0.10954330872955845	0.9722055588882224	1.0	0.4199160167966407	0.12597480503899222	0.34833033393321333	1.0	0.5778844231153769	0.8966206758648271	1.0	0.9762047590481904	not_FDR_supported	not_global_maxT_supported
4	all_cells_cell_balanced|doxorubicin	all_cells_cell_balanced	True	doxorubicin	Tier_B_relative_residual_profile	42	7	0	early_program_suppression	0.03000788518290362	-0.00905425914662619	0.023482781634315063	1.6634377024759641	0.05018996200759848	0.9500099980003999	0.10037992401519696	0.3079384123175365	0.18068386322735452	0.9722055588882224	1.0	0.46190761847630474	0.1922168757737814	0.4933013397320536	1.0	0.75124975004999	0.9738052389522096	1.0	0.9976004799040192	not_FDR_supported	not_global_maxT_supported
0	all_cells_cell_balanced|camptothecin	all_cells_cell_balanced	True	camptothecin	Tier_A_global_residual_mechanism	42	7	0	early_program_suppression	0.03125125736834815	-0.03414454101927731	0.04225560113770487	1.5476243770502767	0.0615876824635073	0.9386122775444911	0.1231753649270146	0.3079384123175365	0.21318813160444836	0.9722055588882224	1.0	0.46190761847630474	0.2217156568686263	0.5712857428514297	1.0	0.8298340331933614	0.9904019196160768	1.0	1.0	not_FDR_supported	not_global_maxT_supported
1	all_cells_cell_balanced|daunorubicin	all_cells_cell_balanced	True	daunorubicin	Tier_C_program_overlap_dependent	41	7	0	early_program_suppression	0.06840917650330199	0.03881076210439478	0.024429285515707402	1.2115955818632593	0.11197760447910418	0.8882223555288942	0.22395520895820836	0.4199160167966407	0.3599280143971206	0.9722055588882224	1.0	0.5608878224355129	0.36647216011343187	0.7988402319536093	1.0	0.9648070385922816	1.0	1.0	1.0	not_FDR_supported	not_global_maxT_supported
14	all_cells_cell_balanced|vorinostat	all_cells_cell_balanced	True	vorinostat	Tier_C_program_overlap_dependent	210	22	46	early_program_suppression	0.010521548758518073	0.0295378211713396	0.01610126360230715	-1.1810422388275592	0.8784243151369726	0.1217756448710258	0.2435512897420516	0.9411689090753278	1.0	0.5608878224355129	0.3914217156568686	0.5608878224355129	0.38455466801376564	1.0	0.8190361927614477	0.9726054789042191	1.0	1.0	1.0	not_FDR_supported	not_global_maxT_supported
8	all_cells_cell_balanced|primaquine	all_cells_cell_balanced	True	primaquine	Tier_C_program_overlap_dependent	42	7	0	early_program_suppression	-0.027793124956835984	-0.01779314453615316	0.009336951427958597	-1.0710112929086095	0.8612277544491101	0.13897220555888823	0.27794441111777646	0.9411689090753278	1.0	0.5608878224355129	0.4034676935580626	0.5608878224355129	0.4169166166766647	1.0	0.8732253549290142	0.9870025994801039	1.0	1.0	1.0	not_FDR_supported	not_global_maxT_supported
13	all_cells_cell_balanced|verapamil	all_cells_cell_balanced	True	verapamil	Tier_C_program_overlap_dependent	42	7	0	early_program_suppression	0.020266091783876693	0.027737192561861593	0.007215511282913352	-1.0354222292849566	0.850629874025195	0.14957008598280344	0.2991401719656069	0.9411689090753278	1.0	0.5608878224355129	0.4079184163167367	0.5608878224355129	0.4342357334984616	1.0	0.8874225154969007	0.9918016396720656	1.0	1.0	1.0	not_FDR_supported	not_global_maxT_supported
2	all_cells_cell_balanced|dexamethasone	all_cells_cell_balanced	True	dexamethasone	Tier_D_no_fixed_panel_mechanism	57	9	3	early_program_suppression	0.03130767795500467	0.02359870585399476	0.009572432752285193	0.8053305048468034	0.20755848830233953	0.7926414717056589	0.41511697660467906	0.6226754649070185	0.566068604460926	0.9722055588882224	1.0	0.641871625674865	0.5576198193197182	0.9610077984403119	1.0	0.9998000399920016	1.0	1.0	1.0	not_FDR_supported	not_global_maxT_supported
9	all_cells_cell_balanced|resveratrol	all_cells_cell_balanced	True	resveratrol	Tier_A_global_residual_mechanism	171	21	27	early_program_suppression	0.026883136609993596	0.03139005248770118	0.005757969658529375	-0.7827265763777368	0.7820435912817436	0.21815636872625474	0.4363127374525095	0.9411689090753278	1.0	0.588382323535293	0.5609735195817979	0.641871625674865	0.5774727407459684	1.0	0.9632073585282943	0.9998000399920016	1.0	1.0	1.0	not_FDR_supported	not_global_maxT_supported
11	all_cells_cell_balanced|trichostatin A	all_cells_cell_balanced	True	trichostatin A	Tier_C_program_overlap_dependent	15	5	3	early_program_suppression	0.08971168161592602	0.11375494063086516	0.03353488202971485	-0.7169626836210339	0.7648470305938813	0.23535292941411717	0.47070585882823435	0.9411689090753278	1.0	0.588382323535293	0.5768576014526825	0.641871625674865	0.6012318663027958	1.0	0.9744051189762047	1.0	1.0	1.0	1.0	not_FDR_supported	not_global_maxT_supported
10	all_cells_cell_balanced|rifabutin	all_cells_cell_balanced	True	rifabutin	Tier_C_program_overlap_dependent	42	7	0	early_program_suppression	0.02412797977051248	0.01838399448532846	0.00895867093419803	0.6411648923566827	0.2591481703659268	0.7410517896420716	0.5182963407318536	0.647870425914817	0.6478704259148169	0.9722055588882224	1.0	0.6469475335702091	0.6389954885735181	0.9828034393121375	1.0	1.0	1.0	1.0	1.0	not_FDR_supported	not_global_maxT_supported
7	all_cells_cell_balanced|mitoxantrone	all_cells_cell_balanced	True	mitoxantrone	Tier_C_program_overlap_dependent	345	29	7	early_program_suppression	-0.1356698065206025	-0.12720968835949897	0.014399315066516403	-0.5875361516865729	0.7198560287942412	0.2803439312137572	0.5606878624275144	0.9411689090753278	1.0	0.6007369954580513	0.6639724686641619	0.6469475335702091	0.68191767051995	1.0	0.9882023595280944	1.0	1.0	1.0	1.0	not_FDR_supported	not_global_maxT_supported
6	all_cells_cell_balanced|fulvestrant	all_cells_cell_balanced	True	fulvestrant	Tier_D_no_fixed_panel_mechanism	42	7	0	early_program_suppression	0.020464252468750804	0.01718034506404847	0.008369061344981906	0.39238658546473265	0.3573285342931414	0.642871425714857	0.7146570685862828	0.7657040020567315	0.8039892021595682	0.9722055588882224	1.0	0.7657040020567315	0.8039892021595682	0.9976004799040192	1.0	1.0	1.0	1.0	1.0	not_FDR_supported	not_global_maxT_supported
5	all_cells_cell_balanced|etoposide	all_cells_cell_balanced	True	etoposide	Tier_A_global_residual_mechanism	57	9	3	early_program_suppression	0.01964465504415877	0.02286116899829649	0.010860637423250002	-0.29616253897325934	0.6142771445710857	0.3859228154369126	0.7718456308738252	0.9411689090753278	1.0	0.7236052789442111	0.8269774616505269	0.7718456308738252	0.841545976518982	1.0	0.9984003199360127	1.0	1.0	1.0	1.0	not_FDR_supported	not_global_maxT_supported
0	all_cells_cell_balanced|camptothecin	all_cells_cell_balanced	True	camptothecin	Tier_A_global_residual_mechanism	42	7	0	injury_stress	0.5590188467943817	0.308413323238492	0.051514099920149145	4.864794763848106	0.0001999600079984003	1.0	0.0003999200159968006	0.0007498500299940011	0.0014997000599880023	1.0	1.0	0.0011997600479904018	0.001894357970511161	0.0003999200159968006	1.0	0.0003999200159968006	0.0005998800239952009	1.0	0.0005998800239952009	positive_FDR_supported	positive_global_maxT_supported
1	all_cells_cell_balanced|daunorubicin	all_cells_cell_balanced	True	daunorubicin	Tier_C_program_overlap_dependent	41	7	0	injury_stress	0.3436004792663312	0.18732494699209928	0.030720940341702096	5.086938437951911	0.0001999600079984003	1.0	0.0003999200159968006	0.0007498500299940011	0.0014997000599880023	1.0	1.0	0.0011997600479904018	0.001894357970511161	0.0003999200159968006	1.0	0.0003999200159968006	0.0003999200159968006	1.0	0.0003999200159968006	positive_FDR_supported	positive_global_maxT_supported
4	all_cells_cell_balanced|doxorubicin	all_cells_cell_balanced	True	doxorubicin	Tier_B_relative_residual_profile	42	7	0	injury_stress	0.3638937741699524	0.2186304780498147	0.02975016710483949	4.882772443201086	0.0001999600079984003	1.0	0.0003999200159968006	0.0007498500299940011	0.0014997000599880023	1.0	1.0	0.0011997600479904018	0.001894357970511161	0.0003999200159968006	1.0	0.0003999200159968006	0.0005998800239952009	1.0	0.0005998800239952009	positive_FDR_supported	positive_global_maxT_supported
5	all_cells_cell_balanced|etoposide	all_cells_cell_balanced	True	etoposide	Tier_A_global_residual_mechanism	57	9	3	injury_stress	0.09387174371310669	0.03823005114123225	0.0129274598116019	4.304147402720073	0.0001999600079984003	1.0	0.0003999200159968006	0.0007498500299940011	0.0014997000599880023	1.0	1.0	0.0011997600479904018	0.001894357970511161	0.0003999200159968006	1.0	0.0003999200159968006	0.0009998000399920016	1.0	0.001999600079984003	positive_FDR_supported	positive_global_maxT_supported
8	all_cells_cell_balanced|primaquine	all_cells_cell_balanced	True	primaquine	Tier_C_program_overlap_dependent	42	7	0	injury_stress	-0.013776990960384053	0.030661629410169554	0.010715403312990335	-4.14717197967532	1.0	0.0001999600079984003	0.0003999200159968006	1.0	1.0	0.0029994001199760045	0.0025709143885508613	0.0011997600479904018	0.001894357970511161	1.0	0.0001999600079984003	0.0007998400319936012	1.0	0.0015996800639872025	0.0033993201359728054	negative_FDR_supported	negative_global_maxT_supported
12	all_cells_cell_balanced|valproic acid	all_cells_cell_balanced	True	valproic acid	Tier_C_program_overlap_dependent	42	7	0	injury_stress	-0.019954850665994336	-0.03973275224857789	0.010757207103885773	1.8385721676251154	0.033393321335732855	0.9668066386722656	0.06678664267146571	0.10017996400719857	0.1252249550089982	1.0	1.0	0.16696660667866428	0.13978599628911426	0.3967206558688262	1.0	0.6076784643071386	0.9188162367526495	1.0	0.9840031993601279	not_FDR_supported	not_global_maxT_supported
13	all_cells_cell_balanced|verapamil	all_cells_cell_balanced	True	verapamil	Tier_C_program_overlap_dependent	42	7	0	injury_stress	-0.05492750160457263	-0.04647400502189994	0.007756317814343222	-1.0898852761087519	0.8624275144971005	0.13777244551089782	0.27554489102179563	0.924029479818322	1.0	1.0	0.4034676935580626	0.5904533379038478	0.4169166166766647	1.0	0.8750249950009998	0.9864027194561088	1.0	1.0	1.0	not_FDR_supported	not_global_maxT_supported
7	all_cells_cell_balanced|mitoxantrone	all_cells_cell_balanced	True	mitoxantrone	Tier_C_program_overlap_dependent	345	29	7	injury_stress	0.33416701311775515	0.31964750093221667	0.015547805282975625	0.9338624919259125	0.1765646870625875	0.823635272945411	0.353129374125175	0.4414117176564687	0.5126071559881572	1.0	1.0	0.662117576484703	0.4965881823635273	0.9276144771045791	1.0	0.996000799840032	1.0	1.0	1.0	not_FDR_supported	not_global_maxT_supported
14	all_cells_cell_balanced|vorinostat	all_cells_cell_balanced	True	vorinostat	Tier_C_program_overlap_dependent	210	22	46	injury_stress	0.08794715252532186	0.07840950869563967	0.01842520640704782	0.5176410846629074	0.3031393721255749	0.6970605878824235	0.6062787442511498	0.599130173965207	0.7373660403054525	1.0	1.0	0.9586082783443312	0.7179616708237301	0.9938012397520496	1.0	1.0	1.0	1.0	1.0	not_FDR_supported	not_global_maxT_supported
9	all_cells_cell_balanced|resveratrol	all_cells_cell_balanced	True	resveratrol	Tier_A_global_residual_mechanism	171	21	27	injury_stress	-0.057182278981491766	-0.06000878510400653	0.006134697781551386	0.4607408911022141	0.31953609278144374	0.6806638672265547	0.6390721855628875	0.599130173965207	0.7567960092192089	1.0	1.0	0.9586082783443312	0.7373909833417932	0.9958008398320336	1.0	1.0	1.0	1.0	1.0	not_FDR_supported	not_global_maxT_supported
3	all_cells_cell_balanced|dosulepin	all_cells_cell_balanced	True	dosulepin	Tier_D_no_fixed_panel_mechanism	42	7	0	injury_stress	-0.054156991574600896	-0.05179613273777068	0.007952182021475322	-0.2968818910903426	0.614877024595081	0.3853229354129174	0.7706458708258348	0.7094734899174011	1.0	1.0	0.8269774616505269	0.9733053389322136	0.841545976518982	1.0	0.9992001599680064	1.0	1.0	1.0	1.0	not_FDR_supported	not_global_maxT_supported
11	all_cells_cell_balanced|trichostatin A	all_cells_cell_balanced	True	trichostatin A	Tier_C_program_overlap_dependent	15	5	3	injury_stress	0.044124869403345694	0.03421648848561672	0.037721359050632446	0.26267295683671427	0.3893221355728854	0.610877824435113	0.7786442711457708	0.628374325134973	0.841545976518982	1.0	1.0	0.9733053389322136	0.841545976518982	0.9988002399520096	1.0	1.0	1.0	1.0	1.0	not_FDR_supported	not_global_maxT_supported
2	all_cells_cell_balanced|dexamethasone	all_cells_cell_balanced	True	dexamethasone	Tier_D_no_fixed_panel_mechanism	57	9	3	injury_stress	-0.022921016107101757	-0.022612074119611043	0.013502119905315928	-0.022880998662223442	0.46070785842831435	0.5394921015796841	0.9214157168566287	0.628374325134973	0.9214157168566287	1.0	1.0	0.99500099980004	0.9531886726103055	1.0	0.9998000399920016	1.0	1.0	1.0	1.0	not_FDR_supported	not_global_maxT_supported
6	all_cells_cell_balanced|fulvestrant	all_cells_cell_balanced	True	fulvestrant	Tier_D_no_fixed_panel_mechanism	42	7	0	injury_stress	0.011891324297993076	0.01162827363744608	0.009378447077593772	0.02804842404831134	0.4861027794441112	0.5140971805638872	0.9722055588882224	0.628374325134973	0.9425614877024594	1.0	1.0	0.99500099980004	0.9943011397720455	0.9998000399920016	0.9998000399920016	1.0	1.0	1.0	1.0	not_FDR_supported	not_global_maxT_supported
10	all_cells_cell_balanced|rifabutin	all_cells_cell_balanced	True	rifabutin	Tier_C_program_overlap_dependent	42	7	0	injury_stress	-0.03286792093233622	-0.03276659406495746	0.009855496191994252	-0.010281254784621299	0.5026994601079784	0.49750049990002	0.99500099980004	0.628374325134973	0.9425614877024594	1.0	1.0	0.99500099980004	0.99500099980004	1.0	0.9998000399920016	1.0	1.0	1.0	1.0	not_FDR_supported	not_global_maxT_supported
3	all_cells_cell_balanced|dosulepin	all_cells_cell_balanced	True	dosulepin	Tier_D_no_fixed_panel_mechanism	42	7	0	late_maturation_support	-0.02254660526303269	-0.050159894824028016	0.00813726251961347	3.393437227131145	0.0003999200159968006	0.9998000399920016	0.0007998400319936012	0.005998800239952009	0.002768677033824004	0.9998000399920016	1.0	0.008998200359928014	0.0035992801439712055	0.004399120175964807	1.0	0.009598080383923215	0.033593281343731254	1.0	0.0613877224555089	positive_FDR_supported	positive_global_maxT_supported
2	all_cells_cell_balanced|dexamethasone	all_cells_cell_balanced	True	dexamethasone	Tier_D_no_fixed_panel_mechanism	57	9	3	late_maturation_support	-0.06483530007566277	-0.03161983945254651	0.01021956682690526	-3.250182829243725	0.9996000799840032	0.0005998800239952009	0.0011997600479904018	0.9996000799840032	1.0	0.007498500299940012	0.00674865026994601	0.008998200359928014	0.005141828777101722	1.0	0.008398320335932814	0.016796640671865627	1.0	0.052389522095580884	0.09398120375924815	negative_FDR_supported	not_global_maxT_supported
13	all_cells_cell_balanced|verapamil	all_cells_cell_balanced	True	verapamil	Tier_C_program_overlap_dependent	42	7	0	late_maturation_support	-0.07461190881674179	-0.04710197254642844	0.00797940010026226	-3.4476196110794315	0.9992001599680064	0.0009998000399920016	0.001999600079984003	0.9996000799840032	1.0	0.007498500299940012	0.009998000399920015	0.009998000399920015	0.008180182145389105	1.0	0.004599080183963208	0.007598480303939212	1.0	0.027394521095780843	0.05118976204759048	negative_FDR_supported	negative_global_maxT_supported
14	all_cells_cell_balanced|vorinostat	all_cells_cell_balanced	True	vorinostat	Tier_C_program_overlap_dependent	210	22	46	late_maturation_support	0.06848579122956645	0.009980111637013851	0.01818666784730676	3.2169543142130146	0.0013997200559888023	0.9988002399520096	0.0027994401119776045	0.009998000399920015	0.008998200359928014	0.9998000399920016	1.0	0.010497900419916016	0.010954330872955843	0.009798040391921616	1.0	0.01919616076784643	0.05898820235952809	1.0	0.10557888422315537	positive_FDR_supported	not_global_maxT_supported
12	all_cells_cell_balanced|valproic acid	all_cells_cell_balanced	True	valproic acid	Tier_C_program_overlap_dependent	42	7	0	late_maturation_support	-0.008986074421277454	-0.040201533086260316	0.010615942665170562	2.94043210758819	0.001999600079984003	0.9982003599280144	0.003999200159968006	0.009998000399920015	0.010586118070503546	0.9998000399920016	1.0	0.010997800439912019	0.012854571942754306	0.022395520895820836	1.0	0.04539092181563687	0.13177364527094582	1.0	0.23135372925414918	positive_FDR_supported	not_global_maxT_supported
8	all_cells_cell_balanced|primaquine	all_cells_cell_balanced	True	primaquine	Tier_C_program_overlap_dependent	42	7	0	late_maturation_support	0.0010150653166964504	0.028574977506135475	0.009856056109385523	-2.7962414056465077	0.998000399920016	0.0021995600879824036	0.004399120175964807	0.9996000799840032	1.0	0.010997800439912019	0.015425486331305166	0.010997800439912019	0.013652441925408022	1.0	0.039192161567686463	0.07418516296740651	1.0	0.19556088782243553	0.33033393321335736	negative_FDR_supported	not_global_maxT_supported
11	all_cells_cell_balanced|trichostatin A	all_cells_cell_balanced	True	trichostatin A	Tier_C_program_overlap_dependent	15	5	3	late_maturation_support	0.013736386219770294	-0.0725814835998135	0.036747806513529886	2.348925772965608	0.010397920415916816	0.9898020395920816	0.020795840831833633	0.038992201559688064	0.04925330723329018	0.9998000399920016	1.0	0.04456251606821493	0.05504781396661844	0.12577484503099381	1.0	0.23035392921415718	0.5310937812437513	1.0	0.7326534693061387	positive_FDR_supported	not_global_maxT_supported
4	all_cells_cell_balanced|doxorubicin	all_cells_cell_balanced	True	doxorubicin	Tier_B_relative_residual_profile	42	7	0	late_maturation_support	0.0412477442763654	0.09266076038167811	0.02486816490176258	-2.0674230007888004	0.977004599080184	0.023195360927814438	0.046390721855628876	0.9996000799840032	1.0	0.08698260347930414	0.12279896961784115	0.08698260347930414	0.10987276228964733	1.0	0.2401519696060788	0.42231553689262147	1.0	0.7734453109378124	0.9222155568886222	not_FDR_supported	not_global_maxT_supported
1	all_cells_cell_balanced|daunorubicin	all_cells_cell_balanced	True	daunorubicin	Tier_C_program_overlap_dependent	41	7	0	late_maturation_support	-0.004789320996713521	0.04640857959252389	0.02712637879791726	-1.8873842679351047	0.9694061187762447	0.03079384123175365	0.0615876824635073	0.9996000799840032	1.0	0.09238152369526095	0.15154863764089288	0.10264613743917883	0.13519247370038187	1.0	0.34853029394121177	0.5758848230353929	1.0	0.8908218356328734	0.9762047590481904	not_FDR_supported	not_global_maxT_supported
6	all_cells_cell_balanced|fulvestrant	all_cells_cell_balanced	True	fulvestrant	Tier_D_no_fixed_panel_mechanism	42	7	0	late_maturation_support	-0.022278626697926778	-0.008218160860672879	0.008786227139051596	-1.6002848110721182	0.9444111177764447	0.05578884223155369	0.11157768446310738	0.9996000799840032	1.0	0.13947210557888423	0.20920815836832632	0.16736652669466107	0.2049386041159115	1.0	0.5440911817636472	0.7950409918016397	1.0	0.9830033993201359	0.9992001599680064	not_FDR_supported	not_global_maxT_supported
0	all_cells_cell_balanced|camptothecin	all_cells_cell_balanced	True	camptothecin	Tier_A_global_residual_mechanism	42	7	0	late_maturation_support	0.0694099987611669	0.1260980718300445	0.04542367168205608	-1.2479852678063312	0.8948210357928414	0.10537892421515697	0.21075784843031395	0.9996000799840032	1.0	0.22581198046105064	0.3512630807171899	0.2873970660413372	0.3512630807171899	1.0	0.7936412717456509	0.9602079584083183	1.0	0.9994001199760048	1.0	not_FDR_supported	not_global_maxT_supported
10	all_cells_cell_balanced|rifabutin	all_cells_cell_balanced	True	rifabutin	Tier_C_program_overlap_dependent	42	7	0	late_maturation_support	-0.04208987716305616	-0.03520293957706308	0.009699945058041403	-0.709997587077434	0.7630473905218956	0.23715256948610278	0.47430513897220555	0.9996000799840032	1.0	0.4446610677864427	0.5768576014526825	0.576807715380001	0.6012318663027958	1.0	0.9802039592081584	1.0	1.0	1.0	1.0	not_FDR_supported	not_global_maxT_supported
9	all_cells_cell_balanced|resveratrol	all_cells_cell_balanced	True	resveratrol	Tier_A_global_residual_mechanism	171	21	27	late_maturation_support	-0.05374205962650211	-0.05817382802069187	0.006382929187347387	0.6943157700973197	0.2499500099980004	0.750249950009998	0.4999000199960008	0.7498500299940012	0.6427285971377154	0.9998000399920016	1.0	0.576807715380001	0.624875024995001	0.9826034793041392	1.0	1.0	1.0	1.0	1.0	not_FDR_supported	not_global_maxT_supported
7	all_cells_cell_balanced|mitoxantrone	all_cells_cell_balanced	True	mitoxantrone	Tier_C_program_overlap_dependent	345	29	7	late_maturation_support	0.23890767841049917	0.2472555309265852	0.015631853620042088	-0.5340283192892097	0.7036592681463707	0.2965406918616277	0.5930813837232554	0.9996000799840032	1.0	0.4942344864360461	0.6843246735268331	0.6354443397034879	0.7116976604679064	1.0	0.9942011597680463	1.0	1.0	1.0	1.0	not_FDR_supported	not_global_maxT_supported
5	all_cells_cell_balanced|etoposide	all_cells_cell_balanced	True	etoposide	Tier_A_global_residual_mechanism	57	9	3	late_maturation_support	-0.0008549295460388273	-0.003947500445320929	0.011742432187083034	0.2633671500086674	0.39272145570885825	0.6074785042991402	0.7854429114177165	0.9818036392721456	0.841545976518982	0.9112177564487103	1.0	0.7854429114177165	0.841545976518982	0.9994001199760048	1.0	1.0	1.0	1.0	1.0	not_FDR_supported	not_global_maxT_supported
3	all_cells_cell_balanced|dosulepin	all_cells_cell_balanced	True	dosulepin	Tier_D_no_fixed_panel_mechanism	42	7	0	late_minus_early	-0.028015629837960028	-0.07770498843416572	0.011639555403898098	4.269008297307016	0.0001999600079984003	1.0	0.0003999200159968006	0.0029994001199760045	0.0014997000599880023	1.0	1.0	0.005998800239952009	0.001894357970511161	0.0003999200159968006	1.0	0.0005998800239952009	0.0013997200559888023	1.0	0.0023995200959808036	positive_FDR_supported	positive_global_maxT_supported
14	all_cells_cell_balanced|vorinostat	all_cells_cell_balanced	True	vorinostat	Tier_C_program_overlap_dependent	210	22	46	late_minus_early	0.05796424247104838	-0.01955770955299522	0.025470863865543314	3.043554095113138	0.001999600079984003	0.9982003599280144	0.003999200159968006	0.014997000599880024	0.010586118070503546	1.0	1.0	0.023995200959808036	0.012854571942754306	0.016796640671865627	1.0	0.03479304139172166	0.09978004399120176	1.0	0.17556488702259548	positive_FDR_supported	not_global_maxT_supported
2	all_cells_cell_balanced|dexamethasone	all_cells_cell_balanced	True	dexamethasone	Tier_D_no_fixed_panel_mechanism	57	9	3	late_minus_early	-0.09614297803066743	-0.055218545355810784	0.015019047770707105	-2.7248353756937216	0.9978004399120176	0.0023995200959808036	0.004799040191961607	0.9978004399120176	1.0	0.035992801439712056	0.015425486331305166	0.023995200959808036	0.01393269733150144	1.0	0.04799040191961608	0.09358128374325135	1.0	0.23395320935812838	0.38812237552489504	negative_FDR_supported	not_global_maxT_supported
4	all_cells_cell_balanced|doxorubicin	all_cells_cell_balanced	True	doxorubicin	Tier_B_relative_residual_profile	42	7	0	late_minus_early	0.011239859093461778	0.10171501954921987	0.0362630562104391	-2.494967879450626	0.991001799640072	0.009198160367926415	0.01839632073585283	0.9978004399120176	1.0	0.06898620275944811	0.05518896220755849	0.06898620275944811	0.051739652069586084	1.0	0.08718256348730254	0.16556688662267546	1.0	0.39232153569286143	0.5974805038992201	not_FDR_supported	not_global_maxT_supported
11	all_cells_cell_balanced|trichostatin A	all_cells_cell_balanced	True	trichostatin A	Tier_C_program_overlap_dependent	15	5	3	late_minus_early	-0.07597529539615573	-0.18633642428759487	0.05212198321104284	2.1173624273770426	0.015996800639872025	0.9842031593681264	0.03199360127974405	0.07998400319936012	0.07198560287942411	1.0	1.0	0.09598080383923216	0.08226926043362756	0.22075584883023394	1.0	0.382123575284943	0.7346530693861227	1.0	0.8968206358728255	not_FDR_supported	not_global_maxT_supported
1	all_cells_cell_balanced|daunorubicin	all_cells_cell_balanced	True	daunorubicin	Tier_C_program_overlap_dependent	41	7	0	late_minus_early	-0.0731984975000155	0.007597817415492523	0.03865542931746596	-2.090167315228892	0.9784043191361728	0.021795640871825634	0.04359128174365127	0.9978004399120176	1.0	0.10897820435912818	0.12260047990401919	0.10897820435912818	0.10603284748455714	1.0	0.22495500899820037	0.40091981603679266	1.0	0.7590481903619276	0.9128174365126974	not_FDR_supported	not_global_maxT_supported
0	all_cells_cell_balanced|camptothecin	all_cells_cell_balanced	True	camptothecin	Tier_A_global_residual_mechanism	42	7	0	late_minus_early	0.038158741392818746	0.1602426129370142	0.0655547548424028	-1.8623190924547233	0.9682063587282543	0.03199360127974405	0.0639872025594881	0.9978004399120176	1.0	0.11997600479904019	0.15154863764089288	0.13711543405604593	0.13711543405604593	1.0	0.3535292941411718	0.5934813037392521	1.0	0.9018196360727855	0.9802039592081584	not_FDR_supported	not_global_maxT_supported
13	all_cells_cell_balanced|verapamil	all_cells_cell_balanced	True	verapamil	Tier_C_program_overlap_dependent	42	7	0	late_minus_early	-0.09487800060061849	-0.07483916510678827	0.01126912680894097	-1.7782065845537673	0.9566086782643471	0.04359128174365127	0.08718256348730254	0.9978004399120176	1.0	0.1307738452309538	0.17832797076948245	0.16346730653869226	0.1705745807360267	1.0	0.4143171365726855	0.6672665466906619	1.0	0.9380123975204959	0.9906018796240752	not_FDR_supported	not_global_maxT_supported
6	all_cells_cell_balanced|fulvestrant	all_cells_cell_balanced	True	fulvestrant	Tier_D_no_fixed_panel_mechanism	42	7	0	late_minus_early	-0.042742879166677586	-0.025398505924092752	0.012815878464093603	-1.3533503217261904	0.910617876424715	0.08958208358328335	0.1791641671665667	0.9978004399120176	1.0	0.22395520895820833	0.32249550089982004	0.2986069452776111	0.3100918277882885	1.0	0.7260547890421916	0.9332133573285343	1.0	0.9978004399120176	1.0	not_FDR_supported	not_global_maxT_supported
8	all_cells_cell_balanced|primaquine	all_cells_cell_balanced	True	primaquine	Tier_C_program_overlap_dependent	42	7	0	late_minus_early	0.028808190273532434	0.0463681220256316	0.014210710684715274	-1.2356828691886774	0.8956208758248351	0.10457908418316336	0.20915816836632672	0.9978004399120176	1.0	0.22409803753535007	0.3512630807171899	0.3137372525494901	0.3512630807171899	1.0	0.7994401119776045	0.9652069586082783	1.0	0.9994001199760048	1.0	not_FDR_supported	not_global_maxT_supported
9	all_cells_cell_balanced|resveratrol	all_cells_cell_balanced	True	resveratrol	Tier_A_global_residual_mechanism	171	21	27	late_minus_early	-0.08062519623649571	-0.08956388047114015	0.008977180957670283	0.9957117135983601	0.15956808638272346	0.8406318736252749	0.3191361727654469	0.598380323935213	0.4787042591481704	1.0	1.0	0.4351856901347004	0.45590881823635276	0.9120175964807039	1.0	0.9934013197360528	1.0	1.0	1.0	not_FDR_supported	not_global_maxT_supported
10	all_cells_cell_balanced|rifabutin	all_cells_cell_balanced	True	rifabutin	Tier_C_program_overlap_dependent	42	7	0	late_minus_early	-0.06621785693356863	-0.0535869340647012	0.013959187671807751	-0.9048465545296086	0.8188362327534493	0.18136372725454908	0.36272745450909816	0.9978004399120176	1.0	0.3400569886022795	0.4800804544973358	0.4534093181363727	0.5022380139356744	1.0	0.9384123175364927	0.997000599880024	1.0	1.0	1.0	not_FDR_supported	not_global_maxT_supported
12	all_cells_cell_balanced|valproic acid	all_cells_cell_balanced	True	valproic acid	Tier_C_program_overlap_dependent	42	7	0	late_minus_early	-0.039695173941971286	-0.05229302195784403	0.015363912679284202	0.8199635261438931	0.20155968806238753	0.7986402719456108	0.40311937612477505	0.6046790641871626	0.566068604460926	1.0	1.0	0.46513774168243277	0.5497082401701479	0.9602079584083183	1.0	0.9988002399520096	1.0	1.0	1.0	not_FDR_supported	not_global_maxT_supported
5	all_cells_cell_balanced|etoposide	all_cells_cell_balanced	True	etoposide	Tier_A_global_residual_mechanism	57	9	3	late_minus_early	-0.020499584590197597	-0.026808669441429085	0.01690649937923315	0.37317511506735446	0.3509298140371926	0.6492701459708058	0.7018596280743852	0.8773245350929816	0.8039892021595682	0.9739052189562086	1.0	0.7519924586511271	0.7995869180594262	0.9972005598880224	1.0	1.0	1.0	1.0	1.0	not_FDR_supported	not_global_maxT_supported
7	all_cells_cell_balanced|mitoxantrone	all_cells_cell_balanced	True	mitoxantrone	Tier_C_program_overlap_dependent	345	29	7	late_minus_early	0.37457748493110166	0.37446521956920625	0.022257880004906107	0.005043847925797837	0.4943011397720456	0.5058988202359528	0.9886022795440912	0.9978004399120176	0.9425614877024594	0.8431647003932546	1.0	0.9886022795440912	0.99500099980004	0.9998000399920016	1.0	1.0	1.0	1.0	1.0	not_FDR_supported	not_global_maxT_supported
0	all_cells_cell_balanced|camptothecin	all_cells_cell_balanced	True	camptothecin	Tier_A_global_residual_mechanism	42	7	0	late_minus_injury	-0.48960884803321486	-0.1823152512076369	0.06751855007159535	-4.551246975827086	1.0	0.0001999600079984003	0.0003999200159968006	1.0	1.0	0.0009998000399920016	0.0025709143885508613	0.001999600079984003	0.001894357970511161	1.0	0.0001999600079984003	0.0001999600079984003	1.0	0.0003999200159968006	0.0009998000399920016	negative_FDR_supported	negative_global_maxT_supported
1	all_cells_cell_balanced|daunorubicin	all_cells_cell_balanced	True	daunorubicin	Tier_C_program_overlap_dependent	41	7	0	late_minus_injury	-0.3483898002630447	-0.1409163672673516	0.04039387325516207	-5.136259939350564	1.0	0.0001999600079984003	0.0003999200159968006	1.0	1.0	0.0009998000399920016	0.0025709143885508613	0.001999600079984003	0.001894357970511161	1.0	0.0001999600079984003	0.0001999600079984003	1.0	0.0001999600079984003	0.0001999600079984003	negative_FDR_supported	negative_global_maxT_supported
4	all_cells_cell_balanced|doxorubicin	all_cells_cell_balanced	True	doxorubicin	Tier_B_relative_residual_profile	42	7	0	late_minus_injury	-0.322646029893587	-0.12596971777037252	0.03821275816909563	-5.146875586758231	1.0	0.0001999600079984003	0.0003999200159968006	1.0	1.0	0.0009998000399920016	0.0025709143885508613	0.001999600079984003	0.001894357970511161	1.0	0.0001999600079984003	0.0001999600079984003	1.0	0.0001999600079984003	0.0001999600079984003	negative_FDR_supported	negative_global_maxT_supported
3	all_cells_cell_balanced|dosulepin	all_cells_cell_balanced	True	dosulepin	Tier_D_no_fixed_panel_mechanism	42	7	0	late_minus_injury	0.031610386311568206	0.0016362379086618149	0.010949485792855094	2.7374937024408514	0.001999600079984003	0.9982003599280144	0.003999200159968006	0.029994001199760048	0.010586118070503546	0.9982003599280144	1.0	0.01199760047990402	0.012854571942754306	0.03519296140771846	1.0	0.08858228354329134	0.23095380923815237	1.0	0.379124175164967	positive_FDR_supported	not_global_maxT_supported
5	all_cells_cell_balanced|etoposide	all_cells_cell_balanced	True	etoposide	Tier_A_global_residual_mechanism	57	9	3	late_minus_injury	-0.09472667325914552	-0.042177551596815466	0.017054312509925944	-3.0812805635961835	0.9982003599280144	0.001999600079984003	0.003999200159968006	1.0	1.0	0.007498500299940012	0.015425486331305166	0.01199760047990402	0.012854571942754306	1.0	0.022395520895820836	0.03179364127174565	1.0	0.08898220355928814	0.15776844631073786	negative_FDR_supported	not_global_maxT_supported
14	all_cells_cell_balanced|vorinostat	all_cells_cell_balanced	True	vorinostat	Tier_C_program_overlap_dependent	210	22	46	late_minus_injury	-0.019461361295755403	-0.06842939701728465	0.02563117612254842	1.9104872709469922	0.027394521095780843	0.9728054389122176	0.054789042191561686	0.20545890821835633	0.10954330872955845	0.9982003599280144	1.0	0.13697260547890422	0.12597480503899222	0.3167366526694661	1.0	0.55248950209958	0.8832233553289343	1.0	0.972005598880224	not_FDR_supported	not_global_maxT_supported
2	all_cells_cell_balanced|dexamethasone	all_cells_cell_balanced	True	dexamethasone	Tier_D_no_fixed_panel_mechanism	57	9	3	late_minus_injury	-0.041914283968561006	-0.009007765334174791	0.016520397860391677	-1.9918720428205257	0.9650069986002799	0.03519296140771846	0.07038592281543692	1.0	1.0	0.10147970405918817	0.15836832633473305	0.15082697746165055	0.14397120575884823	1.0	0.3017396520695861	0.489502099580084	1.0	0.826634673065387	0.9496100779844031	not_FDR_supported	not_global_maxT_supported
13	all_cells_cell_balanced|verapamil	all_cells_cell_balanced	True	verapamil	Tier_C_program_overlap_dependent	42	7	0	late_minus_injury	-0.019684407212169158	-0.0006279675284277403	0.010923669867793513	-1.744508934669101	0.9596080783843232	0.04059188162367527	0.08118376324735053	1.0	1.0	0.10147970405918817	0.1739652069586083	0.15221955608878227	0.16236752649470107	1.0	0.45870825834833034	0.6902619476104779	1.0	0.9484103179364127	0.993001399720056	not_FDR_supported	not_global_maxT_supported
11	all_cells_cell_balanced|trichostatin A	all_cells_cell_balanced	True	trichostatin A	Tier_C_program_overlap_dependent	15	5	3	late_minus_injury	-0.0303884831835754	-0.10679797205933719	0.05165112913990494	1.4793382090214344	0.06938612277544491	0.9308138372325535	0.13877224555088982	0.34693061387722457	0.2312870759181497	0.9982003599280144	1.0	0.2312870759181497	0.24489219803098206	0.6204759048190361	1.0	0.8654269146170765	0.99500099980004	1.0	1.0	not_FDR_supported	not_global_maxT_supported
8	all_cells_cell_balanced|primaquine	all_cells_cell_balanced	True	primaquine	Tier_C_program_overlap_dependent	42	7	0	late_minus_injury	0.014792056277080504	-0.002086651912033176	0.014328819204121278	1.1779552766119763	0.12037592481503699	0.8798240351929614	0.24075184963007398	0.45140971805638874	0.3735804563225286	0.9982003599280144	1.0	0.3589282143571286	0.38455466801376564	0.8230353929214157	1.0	0.9724055188962207	1.0	1.0	1.0	not_FDR_supported	not_global_maxT_supported
6	all_cells_cell_balanced|fulvestrant	all_cells_cell_balanced	True	fulvestrant	Tier_D_no_fixed_panel_mechanism	42	7	0	late_minus_injury	-0.03416995099591985	-0.0198464345076929	0.01274407106351712	-1.1239357044415235	0.8672265546890622	0.1329734053189362	0.2659468106378724	1.0	1.0	0.26919616076784647	0.4034676935580626	0.3589282143571286	0.4126760854725606	1.0	0.8562287542491501	0.982003599280144	1.0	1.0	1.0	not_FDR_supported	not_global_maxT_supported
7	all_cells_cell_balanced|mitoxantrone	all_cells_cell_balanced	True	mitoxantrone	Tier_C_program_overlap_dependent	345	29	7	late_minus_injury	-0.09525933470725598	-0.07239196977093816	0.021592073087603893	-1.0590629646139016	0.856628674265147	0.14357128574285144	0.2871425714857029	1.0	1.0	0.26919616076784647	0.40379424115176965	0.3589282143571286	0.4236529743231682	1.0	0.8840231953609278	0.9902019596080783	1.0	1.0	1.0	not_FDR_supported	not_global_maxT_supported
12	all_cells_cell_balanced|valproic acid	all_cells_cell_balanced	True	valproic acid	Tier_C_program_overlap_dependent	42	7	0	late_minus_injury	0.010968776244716882	-0.0004687808192908051	0.015008442294078737	0.7620748935764062	0.22815436912617476	0.7720455908818237	0.4563087382523495	0.6844631073785242	0.6039380359222273	0.9982003599280144	1.0	0.5265100825988648	0.5951853107639342	0.9724055188962207	1.0	1.0	1.0	1.0	1.0	not_FDR_supported	not_global_maxT_supported
10	all_cells_cell_balanced|rifabutin	all_cells_cell_balanced	True	rifabutin	Tier_C_program_overlap_dependent	42	7	0	late_minus_injury	-0.00922195623071994	-0.002436345537903662	0.013665060834254701	-0.4965664459982895	0.6874625074985004	0.3127374525094981	0.6254749050189962	1.0	1.0	0.5212290875158302	0.7036592681463707	0.6701516839489245	0.7310745643079175	1.0	0.994001199760048	1.0	1.0	1.0	1.0	not_FDR_supported	not_global_maxT_supported
9	all_cells_cell_balanced|resveratrol	all_cells_cell_balanced	True	resveratrol	Tier_A_global_residual_mechanism	171	21	27	late_minus_injury	0.003440219354989657	0.0018349571312735406	0.0086355121916404	0.18589079467342878	0.42071585682863427	0.5794841031793642	0.8414317136572685	1.0	0.8769155259857121	0.8692261547690462	1.0	0.8414317136572685	0.8909276968135784	0.9998000399920016	1.0	1.0	1.0	1.0	1.0	not_FDR_supported	not_global_maxT_supported
