module	scoring_family	prespecified_claim_class	primary_sections	H1_dominant_broad_compartment	H1_dominant_count	H1_dominant_fraction	H1_consensus_strength	H2_dominant_broad_compartment	H2_dominant_count	H2_dominant_fraction	H2_consensus_strength	expected_H2_broad_compartment	expected_H2_support_count	expected_H2_support_fraction	expected_H2_pattern_supported	localization_strength	authorized_interpretation	statistical_localization_claim_authorized
activity_dependent_plasticity	cross_panel_harmonized_core	broad_sensitivity_multiage_multidonor	8	neuronal	7	0.875	strong	neuronal	6	0.75	strong	neuronal_or_migrating_excitatory	8	1.0	True	complete	relative_localization_to_neuronal_subclasses_across_primary_sections	False
astrocyte_maturation_metabolic_support	cross_panel_harmonized_core	broad_primary_multiage_multidonor	8	glial_lineage	4	0.5	mixed_tied	glial_lineage	8	1.0	complete	glial_lineage	8	1.0	True	complete	relative_localization_to_radial_glial_and_astrocytic_subclasses	False
axon_guidance_neurite_outgrowth	expanded_panel_only	expanded_panel_only_two_section_validation	2	neural_progenitor_or_migratory	2	1.0	complete	neural_progenitor_or_migratory	2	1.0	complete	neural_progenitor_or_migratory	2	1.0	True	complete	descriptive_localization_to_SVZ_and_progenitor_related_compartments	False
neurogenesis_migration_layering	cross_panel_harmonized_core	broad_primary_multiage_multidonor	8	neural_progenitor_or_migratory	5	0.625	moderate	neural_progenitor_or_migratory	7	0.875	strong	neural_progenitor_or_migratory	7	0.875	True	strong	relative_localization_to_neurogenic_progenitor_and_migratory_compartments	False
oligodendrocyte_myelination	expanded_panel_only	expanded_panel_only_two_section_validation	2	glial_lineage	1	0.5	mixed_tied	glial_lineage	1	0.5	mixed_tied	mixed			True	mixed_two_section_pattern	mixed_two_section_localization_without_a_cross_section_consensus	False
patterning_arealization	cross_panel_harmonized_core	broad_primary_multiage_multidonor	8	neural_progenitor_or_migratory	7	0.875	strong	neural_progenitor_or_migratory	7	0.875	strong	neural_progenitor_or_migratory	7	0.875	True	strong	relative_localization_to_pallial_and_intermediate_progenitor_compartments	False
progenitor_radial_glia	cross_panel_harmonized_core	broad_primary_multiage_multidonor	8	glial_lineage	8	1.0	complete	glial_lineage	8	1.0	complete	glial_lineage	8	1.0	True	complete	relative_localization_to_radial_glial_lineage_compartments	False
synaptic_assembly_receptor_trafficking	expanded_panel_only	expanded_panel_only_two_section_validation	2	neuronal	2	1.0	complete	neuronal	2	1.0	complete	neuronal	2	1.0	True	complete	descriptive_localization_to_neuronal_subclasses	False
synaptic_membrane_structural_candidates	expanded_panel_only	expanded_panel_only_two_section_validation	2	neuronal	2	1.0	complete	neuronal	2	1.0	complete	neuronal	2	1.0	True	complete	descriptive_localization_to_neuronal_subclasses	False
