effective_analysis_set	archive_name	donor_id	gestational_week	panel_class	processed_H5AD	scoring_family	module	selected_cells	grid_bins_per_axis	occupied_bins	figure_display_bins	minimum_cells_for_display	median_cells_per_occupied_bin	maximum_cells_per_bin	weighted_map_mean	absolute_weighted_map_mean	cell_module_population_SD	weighted_spatial_bin_mean_SD	figure_bin_mean_q02	figure_bin_mean_q50	figure_bin_mean_q98	formal_spatial_inference
primary	UMB1117_O1.zip	UMB1117	15	300_gene_panel	gw15.h5ad	cross_panel_harmonized_core	activity_dependent_plasticity	579531	64	2051	1959	20	277.0	856	3.264275732769586e-16	3.264275732769586e-16	0.53023789239808	0.24380243796697637	-0.2418156050856021	-0.0912212353082243	0.6463131683380487	False
primary	UMB1117_O1.zip	UMB1117	15	300_gene_panel	gw15.h5ad	cross_panel_harmonized_core	astrocyte_maturation_metabolic_support	579531	64	2051	1959	20	277.0	856	-1.0671670664823645e-16	1.0671670664823645e-16	0.39670570189986754	0.1547736551534309	-0.25508556650496633	-0.006952995581036499	0.3445585555293882	False
primary	UMB1117_O1.zip	UMB1117	15	300_gene_panel	gw15.h5ad	cross_panel_harmonized_core	neurogenesis_migration_layering	579531	64	2051	1959	20	277.0	856	-6.434389665555433e-17	6.434389665555433e-17	0.3097235312407482	0.12553253918813687	-0.38633301541371623	0.03848700674263913	0.21954741069088468	False
primary	UMB1117_O1.zip	UMB1117	15	300_gene_panel	gw15.h5ad	cross_panel_harmonized_core	patterning_arealization	579531	64	2051	1959	20	277.0	856	2.6679176662059112e-17	2.6679176662059112e-17	0.40597127711598957	0.18939148539975934	-0.2660492029497157	-0.06795672868598635	0.32275668505645827	False
primary	UMB1117_O1.zip	UMB1117	15	300_gene_panel	gw15.h5ad	cross_panel_harmonized_core	progenitor_radial_glia	579531	64	2051	1959	20	277.0	856	6.528551465539172e-16	6.528551465539172e-16	0.5613902783379195	0.3639800761595917	-0.3889000763258397	-0.19278621979004062	0.8576144618759177	False
primary	UMB1367_O1.zip	UMB1367	15	300_gene_panel	gw15.h5ad	cross_panel_harmonized_core	activity_dependent_plasticity	887043	64	2029	1958	20	486.0	818	-5.372628200989291e-16	5.372628200989291e-16	0.53552273113256	0.24255930799132722	-0.2530126725762548	-0.05244360565513888	0.6093979083966222	False
primary	UMB1367_O1.zip	UMB1367	15	300_gene_panel	gw15.h5ad	cross_panel_harmonized_core	astrocyte_maturation_metabolic_support	887043	64	2029	1958	20	486.0	818	-7.587299367809304e-17	7.587299367809304e-17	0.3989583826691874	0.1761036270268391	-0.24657101742028711	-0.08082090241055645	0.35821987586527465	False
primary	UMB1367_O1.zip	UMB1367	15	300_gene_panel	gw15.h5ad	cross_panel_harmonized_core	neurogenesis_migration_layering	887043	64	2029	1958	20	486.0	818	-2.4607457409111258e-17	2.4607457409111258e-17	0.2962177768420139	0.12319134327392947	-0.3757555861791368	0.026904565966505155	0.20665337793267033	False
primary	UMB1367_O1.zip	UMB1367	15	300_gene_panel	gw15.h5ad	cross_panel_harmonized_core	patterning_arealization	887043	64	2029	1958	20	486.0	818	4.716429336746324e-17	4.716429336746324e-17	0.4403196911447075	0.24470952565216353	-0.39066409746451874	-0.14718403009942166	0.4910803191388611	False
primary	UMB1367_O1.zip	UMB1367	15	300_gene_panel	gw15.h5ad	cross_panel_harmonized_core	progenitor_radial_glia	887043	64	2029	1958	20	486.0	818	-2.4607457409111258e-17	2.4607457409111258e-17	0.5634053909843849	0.39249624924283205	-0.35433229329878574	-0.28904054961025627	0.8851716424043402	False
primary	UMB1759_O1.zip	UMB1759	18	960_gene_panel	gw18_umb1759.h5ad	cross_panel_harmonized_core	activity_dependent_plasticity	927296	64	2876	2746	20	327.0	705	7.429582750200509e-17	7.429582750200509e-17	0.5010183657934199	0.047084901784654354	-0.058930432742400785	-0.009448398707394829	0.1593849365614698	False
primary	UMB1759_O1.zip	UMB1759	18	960_gene_panel	gw18_umb1759.h5ad	cross_panel_harmonized_core	astrocyte_maturation_metabolic_support	927296	64	2876	2746	20	327.0	705	1.240715799208402e-16	1.240715799208402e-16	0.3764034548036079	0.05564629664798037	-0.13234149270796394	-0.004906770085895624	0.09931005999788087	False
primary	UMB1759_O1.zip	UMB1759	18	960_gene_panel	gw18_umb1759.h5ad	expanded_panel_only	axon_guidance_neurite_outgrowth	927296	64	2876	2746	20	327.0	705	-8.3368255282778e-17	8.3368255282778e-17	0.31478849162293543	0.0650938832481761	-0.16208454901513128	-0.005520815197174089	0.12520757259039936	False
primary	UMB1759_O1.zip	UMB1759	18	960_gene_panel	gw18_umb1759.h5ad	cross_panel_harmonized_core	neurogenesis_migration_layering	927296	64	2876	2746	20	327.0	705	8.8272270299412e-18	8.8272270299412e-18	0.27819829392886936	0.058272336940950624	-0.1731104663206089	-0.0033816853199392493	0.12243063395897366	False
primary	UMB1759_O1.zip	UMB1759	18	960_gene_panel	gw18_umb1759.h5ad	expanded_panel_only	oligodendrocyte_myelination	927296	64	2876	2746	20	327.0	705	-4.4503936275953544e-17	4.4503936275953544e-17	0.476350214198815	0.03819029697474188	-0.044673412205659284	-0.006695336148565743	0.14745585330354152	False
primary	UMB1759_O1.zip	UMB1759	18	960_gene_panel	gw18_umb1759.h5ad	cross_panel_harmonized_core	patterning_arealization	927296	64	2876	2746	20	327.0	705	3.1385696106457595e-17	3.1385696106457595e-17	0.40630095039281455	0.06903160592375507	-0.1995620546912373	0.002689314319777418	0.12125411697664233	False
primary	UMB1759_O1.zip	UMB1759	18	960_gene_panel	gw18_umb1759.h5ad	cross_panel_harmonized_core	progenitor_radial_glia	927296	64	2876	2746	20	327.0	705	2.7854805294481117e-16	2.7854805294481117e-16	0.3748344667656981	0.13021841392931308	-0.1624181165058909	-0.1095883536629543	0.21575614273229998	False
primary	UMB1759_O1.zip	UMB1759	18	960_gene_panel	gw18_umb1759.h5ad	expanded_panel_only	synaptic_assembly_receptor_trafficking	927296	64	2876	2746	20	327.0	705	-2.4520075083169997e-18	2.4520075083169997e-18	0.37963517610618974	0.04734405920598807	-0.07859385200340827	-0.010533247976548567	0.11647920020322326	False
primary	UMB1759_O1.zip	UMB1759	18	960_gene_panel	gw18_umb1759.h5ad	expanded_panel_only	synaptic_membrane_structural_candidates	927296	64	2876	2746	20	327.0	705	1.5055326101066377e-16	1.5055326101066377e-16	0.3179286476322575	0.039281745041803796	-0.0752304422084769	-0.007383023673539746	0.11182890877432611	False
section_sensitivity	FB080_O1a.zip	FB080	20	300_gene_panel	gw20.h5ad	cross_panel_harmonized_core	activity_dependent_plasticity	632853	64	3018	2883	20	162.0	752	-1.667075693812934e-16	1.667075693812934e-16	0.5295468039884311	0.24669334715137517	-0.30765434281929155	0.08029116057766349	0.5098616816795045	False
section_sensitivity	FB080_O1a.zip	FB080	20	300_gene_panel	gw20.h5ad	cross_panel_harmonized_core	astrocyte_maturation_metabolic_support	632853	64	3018	2883	20	162.0	752	-8.047951625303819e-17	8.047951625303819e-17	0.4671101731779069	0.25928489835080126	-0.28742600736135004	-0.13246206564845744	0.5523364454717321	False
section_sensitivity	FB080_O1a.zip	FB080	20	300_gene_panel	gw20.h5ad	cross_panel_harmonized_core	neurogenesis_migration_layering	632853	64	3018	2883	20	162.0	752	8.622805312825521e-18	8.622805312825521e-18	0.2926808842870031	0.09055829213042281	-0.30736111874591077	0.02183154517538692	0.1397146056521971	False
section_sensitivity	FB080_O1a.zip	FB080	20	300_gene_panel	gw20.h5ad	cross_panel_harmonized_core	patterning_arealization	632853	64	3018	2883	20	162.0	752	1.1497073750434028e-17	1.1497073750434028e-17	0.47259163115863684	0.2673248904881489	-0.3583125641414239	-0.20983456433982392	0.4169596826759639	False
section_sensitivity	FB080_O1a.zip	FB080	20	300_gene_panel	gw20.h5ad	cross_panel_harmonized_core	progenitor_radial_glia	632853	64	3018	2883	20	162.0	752	-2.989239175112847e-16	2.989239175112847e-16	0.5768288141100345	0.35590270161690174	-0.3417469807114162	-0.257342823404898	0.5864795759909082	False
section_sensitivity	FB080_O1b.zip	FB080	20	300_gene_panel	gw20.h5ad	cross_panel_harmonized_core	activity_dependent_plasticity	340393	64	2856	2662	20	90.5	386	5.3437920390426846e-17	5.3437920390426846e-17	0.5152181163214706	0.20563835451476262	-0.29009806169765856	0.01969203184756036	0.5421893956959387	False
section_sensitivity	FB080_O1b.zip	FB080	20	300_gene_panel	gw20.h5ad	cross_panel_harmonized_core	astrocyte_maturation_metabolic_support	340393	64	2856	2662	20	90.5	386	4.2750336312341476e-17	4.2750336312341476e-17	0.4621479788900182	0.26069414290622467	-0.2680034310658468	-0.061257115771889	0.6322984476107113	False
section_sensitivity	FB080_O1b.zip	FB080	20	300_gene_panel	gw20.h5ad	cross_panel_harmonized_core	neurogenesis_migration_layering	340393	64	2856	2662	20	90.5	386	-3.3398700244016776e-17	3.3398700244016776e-17	0.27887776882555065	0.08873992568289263	-0.26826176552331576	0.013631285156956566	0.13566771016552648	False
section_sensitivity	FB080_O1b.zip	FB080	20	300_gene_panel	gw20.h5ad	cross_panel_harmonized_core	patterning_arealization	340393	64	2856	2662	20	90.5	386	2.1375168156170738e-17	2.1375168156170738e-17	0.4421209033297899	0.22449122761777396	-0.3053821246046766	-0.13221150017936373	0.4470563818847381	False
section_sensitivity	FB080_O1b.zip	FB080	20	300_gene_panel	gw20.h5ad	cross_panel_harmonized_core	progenitor_radial_glia	340393	64	2856	2662	20	90.5	386	1.4962617709319516e-16	1.4962617709319516e-16	0.5358268733421265	0.34642374249067615	-0.2685822494691243	-0.195202657995419	0.6898897740013039	False
primary	FB080_O1c.zip	FB080	20	300_gene_panel	gw20.h5ad	cross_panel_harmonized_core	activity_dependent_plasticity	467082	64	2166	2088	20	173.0	784	1.9082405396428672e-16	1.9082405396428672e-16	0.5160000651871686	0.18414087083367683	-0.20703739688609646	-0.0006021982983199914	0.49706871185139184	False
primary	FB080_O1c.zip	FB080	20	300_gene_panel	gw20.h5ad	cross_panel_harmonized_core	astrocyte_maturation_metabolic_support	467082	64	2166	2088	20	173.0	784	-1.1683105344752248e-17	1.1683105344752248e-17	0.4448110379406598	0.2201738518632259	-0.27361865254095535	-0.09463494397934813	0.432092471567755	False
primary	FB080_O1c.zip	FB080	20	300_gene_panel	gw20.h5ad	cross_panel_harmonized_core	neurogenesis_migration_layering	467082	64	2166	2088	20	173.0	784	-4.770601349107168e-17	4.770601349107168e-17	0.28065936599083846	0.07774719956420323	-0.2284482086507505	0.029429846164505252	0.11839520401697344	False
primary	FB080_O1c.zip	FB080	20	300_gene_panel	gw20.h5ad	cross_panel_harmonized_core	patterning_arealization	467082	64	2166	2088	20	173.0	784	-5.841552672376124e-17	5.841552672376124e-17	0.43995197329871655	0.19689201025216238	-0.3096517527582726	-0.14078270205705462	0.32027861000756963	False
primary	FB080_O1c.zip	FB080	20	300_gene_panel	gw20.h5ad	cross_panel_harmonized_core	progenitor_radial_glia	467082	64	2166	2088	20	173.0	784	-2.9597200206705695e-16	2.9597200206705695e-16	0.49666572954431265	0.2744737763426113	-0.28439387985158854	-0.1935578033905329	0.44720017356965464	False
section_sensitivity	FB080_O1d.zip	FB080	20	300_gene_panel	gw20.h5ad	cross_panel_harmonized_core	activity_dependent_plasticity	344168	64	2763	2655	20	97.0	350	2.1140715040862096e-17	2.1140715040862096e-17	0.5199429976291701	0.21913415060012206	-0.29553362101188035	0.019769320276499244	0.5382583100969369	False
section_sensitivity	FB080_O1d.zip	FB080	20	300_gene_panel	gw20.h5ad	cross_panel_harmonized_core	astrocyte_maturation_metabolic_support	344168	64	2763	2655	20	97.0	350	-8.456286016344838e-17	8.456286016344838e-17	0.46094499879546075	0.25677030868848694	-0.2995588579357059	-0.07199721334299912	0.5564546480241666	False
section_sensitivity	FB080_O1d.zip	FB080	20	300_gene_panel	gw20.h5ad	cross_panel_harmonized_core	neurogenesis_migration_layering	344168	64	2763	2655	20	97.0	350	-7.927768140323286e-17	7.927768140323286e-17	0.27397130716648754	0.0704948407775182	-0.18386011831920102	0.011045101616665437	0.12593665393298767	False
section_sensitivity	FB080_O1d.zip	FB080	20	300_gene_panel	gw20.h5ad	cross_panel_harmonized_core	patterning_arealization	344168	64	2763	2655	20	97.0	350	3.171107256129314e-17	3.171107256129314e-17	0.4515809251731307	0.24133615959842195	-0.29285122497519844	-0.14881256078988392	0.4458061058951144	False
section_sensitivity	FB080_O1d.zip	FB080	20	300_gene_panel	gw20.h5ad	cross_panel_harmonized_core	progenitor_radial_glia	344168	64	2763	2655	20	97.0	350	2.1140715040862096e-17	2.1140715040862096e-17	0.5449553759145077	0.35237611237455374	-0.29613766393390156	-0.2101691863122409	0.6796277819602679	False
primary	FB121_O1.zip	FB121	20	300_gene_panel	gw20.h5ad	cross_panel_harmonized_core	activity_dependent_plasticity	167000	64	2858	2246	20	50.0	216	3.267645635112317e-17	3.267645635112317e-17	0.5488818581758141	0.2795919354136466	-0.38597048654759175	-0.005465392290883796	0.7894475757517763	False
primary	FB121_O1.zip	FB121	20	300_gene_panel	gw20.h5ad	cross_panel_harmonized_core	astrocyte_maturation_metabolic_support	167000	64	2858	2246	20	50.0	216	1.0892152117041057e-16	1.0892152117041057e-16	0.47589539827474675	0.3133111471340697	-0.32191315426128153	-0.04365663582234086	0.6981646331318202	False
primary	FB121_O1.zip	FB121	20	300_gene_panel	gw20.h5ad	cross_panel_harmonized_core	neurogenesis_migration_layering	167000	64	2858	2246	20	50.0	216	-9.530633102410925e-17	9.530633102410925e-17	0.31906877128337635	0.18839790814809224	-0.6941857056559325	0.04558424177484178	0.15898854313859564	False
primary	FB121_O1.zip	FB121	20	300_gene_panel	gw20.h5ad	cross_panel_harmonized_core	patterning_arealization	167000	64	2858	2246	20	50.0	216	6.535291270224634e-17	6.535291270224634e-17	0.4901977192161018	0.32324919171145583	-0.6149661214502383	-0.1263908276673974	0.6774129458302507	False
primary	FB121_O1.zip	FB121	20	300_gene_panel	gw20.h5ad	cross_panel_harmonized_core	progenitor_radial_glia	167000	64	2858	2246	20	50.0	216	-2.1784304234082114e-17	2.1784304234082114e-17	0.6002225677332629	0.4468430476954684	-0.33090450315207137	-0.21687704133600655	1.0552739101619002	False
primary	UMB1031_O1.zip	UMB1031	20	960_gene_panel	gw20_umb1031.h5ad	cross_panel_harmonized_core	activity_dependent_plasticity	677475	64	2926	2855	20	206.5	712	-5.101413139580246e-17	5.101413139580246e-17	0.5006498487233259	0.06330214021347856	-0.08607646236191245	-0.009281606783353116	0.194176591989365	False
primary	UMB1031_O1.zip	UMB1031	20	960_gene_panel	gw20_umb1031.h5ad	cross_panel_harmonized_core	astrocyte_maturation_metabolic_support	677475	64	2926	2855	20	206.5	712	8.59185370876673e-17	8.59185370876673e-17	0.39542042273259476	0.12622574734204667	-0.15427968250219454	-0.0516062375171196	0.29348132381018555	False
primary	UMB1031_O1.zip	UMB1031	20	960_gene_panel	gw20_umb1031.h5ad	expanded_panel_only	axon_guidance_neurite_outgrowth	677475	64	2926	2855	20	206.5	712	-4.967165425380766e-17	4.967165425380766e-17	0.31968466676174906	0.07804171202683162	-0.14028727174329694	0.00023195758227280704	0.14106126329328283	False
primary	UMB1031_O1.zip	UMB1031	20	960_gene_panel	gw20_umb1031.h5ad	cross_panel_harmonized_core	neurogenesis_migration_layering	677475	64	2926	2855	20	206.5	712	1.2082294277953215e-17	1.2082294277953215e-17	0.27956357583934505	0.05990586622954131	-0.13541214666616164	0.022174443978901805	0.1410568281315888	False
primary	UMB1031_O1.zip	UMB1031	20	960_gene_panel	gw20_umb1031.h5ad	expanded_panel_only	oligodendrocyte_myelination	677475	64	2926	2855	20	206.5	712	-1.1343931849856074e-16	1.1343931849856074e-16	0.5056759779130393	0.061312339523321845	-0.07234185516898431	-0.00396130182818419	0.24891965726856705	False
primary	UMB1031_O1.zip	UMB1031	20	960_gene_panel	gw20_umb1031.h5ad	cross_panel_harmonized_core	patterning_arealization	677475	64	2926	2855	20	206.5	712	-1.651246884653606e-16	1.651246884653606e-16	0.41204836150380314	0.07627469343886746	-0.16264059041163825	-0.030621854582357035	0.13206255042343562	False
primary	UMB1031_O1.zip	UMB1031	20	960_gene_panel	gw20_umb1031.h5ad	cross_panel_harmonized_core	progenitor_radial_glia	677475	64	2926	2855	20	206.5	712	-2.3090606842310586e-16	2.3090606842310586e-16	0.37717973215325945	0.13240181245644264	-0.15883742447204374	-0.07664576076468688	0.21323186303800606	False
primary	UMB1031_O1.zip	UMB1031	20	960_gene_panel	gw20_umb1031.h5ad	expanded_panel_only	synaptic_assembly_receptor_trafficking	677475	64	2926	2855	20	206.5	712	-1.1545303421155293e-16	1.1545303421155293e-16	0.3869383925467066	0.09476298827646032	-0.11311137021472153	-0.02692395638334934	0.18153845862727358	False
primary	UMB1031_O1.zip	UMB1031	20	960_gene_panel	gw20_umb1031.h5ad	expanded_panel_only	synaptic_membrane_structural_candidates	677475	64	2926	2855	20	206.5	712	1.4767248561942817e-17	1.4767248561942817e-17	0.32163012887572084	0.06128846666045776	-0.08924897692609672	-0.018911743649906578	0.13629189794179214	False
primary	FB123_O1.zip	FB123	22	300_gene_panel	gw22.h5ad	cross_panel_harmonized_core	activity_dependent_plasticity	407591	64	3040	2714	20	85.0	395	6.694171621352741e-17	6.694171621352741e-17	0.5111453087158527	0.13740740999840462	-0.5166307646131043	-0.04673944067464357	0.19355583114261055	False
primary	FB123_O1.zip	FB123	22	300_gene_panel	gw22.h5ad	cross_panel_harmonized_core	astrocyte_maturation_metabolic_support	407591	64	3040	2714	20	85.0	395	4.016502972811644e-17	4.016502972811644e-17	0.5110260684962324	0.17670783619638686	-0.16623759042914296	0.008147188207120067	0.9442191582124523	False
primary	FB123_O1.zip	FB123	22	300_gene_panel	gw22.h5ad	cross_panel_harmonized_core	neurogenesis_migration_layering	407591	64	3040	2714	20	85.0	395	-1.0375966013096747e-16	1.0375966013096747e-16	0.2992026250203939	0.0918499447797368	-0.19845076813312673	-0.020069948266136593	0.25869309079316327	False
primary	FB123_O1.zip	FB123	22	300_gene_panel	gw22.h5ad	cross_panel_harmonized_core	patterning_arealization	407591	64	3040	2714	20	85.0	395	1.1659015573856023e-16	1.1659015573856023e-16	0.40516347128235075	0.0896561523749477	-0.23555889147716594	-0.012470765029492164	0.24084296047571788	False
primary	FB123_O1.zip	FB123	22	300_gene_panel	gw22.h5ad	cross_panel_harmonized_core	progenitor_radial_glia	407591	64	3040	2714	20	85.0	395	-2.6776686485410962e-17	2.6776686485410962e-17	0.4277696592950509	0.15040268997279868	-0.1171000467608739	0.005653628387961978	0.8032543716147932	False
section_sensitivity	FB123_O2.zip	FB123	22	300_gene_panel	gw22.h5ad	cross_panel_harmonized_core	activity_dependent_plasticity	439060	64	3068	2966	20	91.0	766	1.657167041903937e-17	1.657167041903937e-17	0.5147286136845381	0.19123316038186539	-0.3766664366306964	-0.11618356300341681	0.28562723347531277	False
section_sensitivity	FB123_O2.zip	FB123	22	300_gene_panel	gw22.h5ad	cross_panel_harmonized_core	astrocyte_maturation_metabolic_support	439060	64	3068	2966	20	91.0	766	2.4857505628559055e-17	2.4857505628559055e-17	0.5155158838121982	0.1433146675222125	-0.1815808646263715	0.058951715597867244	0.38488019907941246	False
section_sensitivity	FB123_O2.zip	FB123	22	300_gene_panel	gw22.h5ad	cross_panel_harmonized_core	neurogenesis_migration_layering	439060	64	3068	2966	20	91.0	766	9.73585637118563e-17	9.73585637118563e-17	0.31825011021710997	0.06733963700778388	-0.17610629162862879	-0.0022068632712779605	0.11452618297059827	False
section_sensitivity	FB123_O2.zip	FB123	22	300_gene_panel	gw22.h5ad	cross_panel_harmonized_core	patterning_arealization	439060	64	3068	2966	20	91.0	766	-7.871543449043701e-17	7.871543449043701e-17	0.4154527006374653	0.1114651204227154	-0.21211774843173312	-0.035611908912861256	0.3226805722366497	False
section_sensitivity	FB123_O2.zip	FB123	22	300_gene_panel	gw22.h5ad	cross_panel_harmonized_core	progenitor_radial_glia	439060	64	3068	2966	20	91.0	766	-1.5743086898087402e-16	1.5743086898087402e-16	0.4137883154598554	0.12434560377792685	-0.14188529960283838	0.05919984867542674	0.3368089330931147	False
primary	UMB5900_BA18.zip	UMB5900	34	300_gene_panel	gw34.h5ad	cross_panel_harmonized_core	activity_dependent_plasticity	193450	64	2991	2602	20	59.0	273	5.1715904468866427e-17	5.1715904468866427e-17	0.5039623124375	0.1564113287054074	-0.35442770481861	-0.028469138181775554	0.2635155999756796	False
primary	UMB5900_BA18.zip	UMB5900	34	300_gene_panel	gw34.h5ad	cross_panel_harmonized_core	astrocyte_maturation_metabolic_support	193450	64	2991	2602	20	59.0	273	-2.820867516483623e-17	2.820867516483623e-17	0.5251183909437103	0.2535690022808695	-0.2425940329146967	-0.053344325825693276	0.8785120193360558	False
primary	UMB5900_BA18.zip	UMB5900	34	300_gene_panel	gw34.h5ad	cross_panel_harmonized_core	neurogenesis_migration_layering	193450	64	2991	2602	20	59.0	273	1.1753614652015098e-17	1.1753614652015098e-17	0.2978185158002071	0.09466312854039102	-0.2806875090746551	-0.010681062420562899	0.134805100692147	False
primary	UMB5900_BA18.zip	UMB5900	34	300_gene_panel	gw34.h5ad	cross_panel_harmonized_core	patterning_arealization	193450	64	2991	2602	20	59.0	273	2.762099443223548e-17	2.762099443223548e-17	0.40404370334791445	0.0919167223047484	-0.19656041602819183	-0.017275242763255608	0.20331579469330058	False
primary	UMB5900_BA18.zip	UMB5900	34	300_gene_panel	gw34.h5ad	cross_panel_harmonized_core	progenitor_radial_glia	193450	64	2991	2602	20	59.0	273	-4.2313012747254353e-17	4.2313012747254353e-17	0.38133422302276876	0.12551359273722604	-0.15002005597807588	-0.015108274116401053	0.43392906284509275	False
