section	filename	original_project_relative_path	public_repository_path	original_sha256	public_sha256	project_root_normalized
01_developmental_trajectories	01_build_donor_level_gene_expression.py	04_scripts/07_developmental_trajectory/phase5D/01_build_donor_level_gene_expression.py	code/manuscript/01_developmental_trajectories/01_build_donor_level_gene_expression.py	4df94cf82217eeaea25bc1a2cb46e41a9b47dcf2cd561761d6a8ba7285e27e53	695b4311b31567a7cf718cdc74513e60565e66887f63ce82253a53bfe42a98fd	True
01_developmental_trajectories	02_gene_level_spline_limma_clustering.R	04_scripts/07_developmental_trajectory/phase5D/02_gene_level_spline_limma_clustering.R	code/manuscript/01_developmental_trajectories/02_gene_level_spline_limma_clustering.R	e0ba1318d5a7adbfc38dabdb0fb5fb22ac44e9aa3e3366b9055fb8a850424784	44d14607a14a9692d3464f64510408d1b53b33e0f080b94bf61c9906cc724c30	True
01_developmental_trajectories	03_assign_all_genes_to_trajectory_centroids.R	04_scripts/07_developmental_trajectory/phase5D/03_assign_all_genes_to_trajectory_centroids.R	code/manuscript/01_developmental_trajectories/03_assign_all_genes_to_trajectory_centroids.R	a697f9bf7a397307aec0d6eeb7135bb711b9607613a2f6e0e1ba30b0f54a8b24	f46bf42eedb71324662056708443baea80ff334cc9abce5bc36d4d01ee9ad9ac	True
01_developmental_trajectories	00R1_freeze_msigdbr_resources.R	04_scripts/07_developmental_trajectory/phase5D/00R1_freeze_msigdbr_resources.R	code/manuscript/01_developmental_trajectories/00R1_freeze_msigdbr_resources.R	57267ad632832acaab09a484a318ae35986b65606994534b4d2ae16b2e0e523a	7bb0b83f08a862e7b3d10cb8745ec526fd06149b3a620073be4220dcebed227e	True
01_developmental_trajectories	04R1_functional_enrichment_developmental_programs.R	04_scripts/07_developmental_trajectory/phase5D/04R1_functional_enrichment_developmental_programs.R	code/manuscript/01_developmental_trajectories/04R1_functional_enrichment_developmental_programs.R	396a1a5592f1dcc2f79c038a87098446da25c23d5ccda90a5be4ee68b2487367	4f1a119ffb8175ca63d89db7d70276ff9e452e3a3beb8f01220d916d82425b45	True
01_developmental_trajectories	04R1_independent_verify_functional_enrichment.py	04_scripts/07_developmental_trajectory/phase5D/04R1_independent_verify_functional_enrichment.py	code/manuscript/01_developmental_trajectories/04R1_independent_verify_functional_enrichment.py	54e9ed962fc4faec04011d7693132dd7ad8861f007bac6a04fb6f1cad250f105	229edff9390fef1dc7ac70ade0475b0c049fbf17aae78d2c1df9f442171e5daa	True
01_developmental_trajectories	04R3_close_phase5D4_R1_canonical_outputs.py	04_scripts/07_developmental_trajectory/phase5D/04R3_close_phase5D4_R1_canonical_outputs.py	code/manuscript/01_developmental_trajectories/04R3_close_phase5D4_R1_canonical_outputs.py	d182f246f81b48ae573fa9b779c0e39f202dc217a8bbc4a1b513cd8fb877f8f2	85553e392adc6b3a4ba32414bd20016be7782e07e07ae58bc21a3a0e7e39308d	True
01_developmental_trajectories	05_reduce_redundant_functional_terms.R	04_scripts/07_developmental_trajectory/phase5D/05_reduce_redundant_functional_terms.R	code/manuscript/01_developmental_trajectories/05_reduce_redundant_functional_terms.R	a84e544dbf90d4054df885976dfd3114e0cfed10e38162ffab879b8740866eea	8a0d19d234dee01d70d386f2dafec8273a31bf8c536e71b7bbfcb38e077af17d	True
01_developmental_trajectories	06A_validate_integration_gene_sets.py	04_scripts/07_developmental_trajectory/phase5D/06A_validate_integration_gene_sets.py	code/manuscript/01_developmental_trajectories/06A_validate_integration_gene_sets.py	282b106c9a055c684724a5d0a8ab1a04677241c40eb23f2e40f1a38e07d6d529	d8ee8205f78065342d2cf9fe0d7258e63c7acda1e948b2ae20a24c41c0eb571c	True
01_developmental_trajectories	06B_integrate_programs_modules_celltypes.R	04_scripts/07_developmental_trajectory/phase5D/06B_integrate_programs_modules_celltypes.R	code/manuscript/01_developmental_trajectories/06B_integrate_programs_modules_celltypes.R	41fa13d0ef4fc28b3f1e8569ffb6996bfdd0965d352b79f5130470221a60a90b	a07170da5cc8aa384d7d5b3ad6c3a0721c537c7255314fb6746510fe00beee04	True
01_developmental_trajectories	07A_inventory_adult_hierarchy_inputs.py	04_scripts/07_developmental_trajectory/phase5D/07A_inventory_adult_hierarchy_inputs.py	code/manuscript/01_developmental_trajectories/07A_inventory_adult_hierarchy_inputs.py	ee94a28610df0784e7b75b8f6bd2f981777836f008cb3f3f4cd1c683ee027a1a	7f52f7fa30529b9e30c294af38715c56eef84c3abbc769d84d36f5ba2ef10012	True
01_developmental_trajectories	07B1_validate_adult_hierarchy_inputs.py	04_scripts/07_developmental_trajectory/phase5D/07B1_validate_adult_hierarchy_inputs.py	code/manuscript/01_developmental_trajectories/07B1_validate_adult_hierarchy_inputs.py	32b32be583a6329ddf28c0c7e85cf1b29ae735448bffcee333b85260b1a7d97d	07a71b1a21446981f4c54be7ae1815fd726ff6909cceec74b104edc4f543b6e1	True
01_developmental_trajectories	07B2_score_AHBA_programs_test_hierarchy.py	04_scripts/07_developmental_trajectory/phase5D/07B2_score_AHBA_programs_test_hierarchy.py	code/manuscript/01_developmental_trajectories/07B2_score_AHBA_programs_test_hierarchy.py	0b756634f27bba7ce1c172f28755e02693566e1b873f59749b0102bcbd71c676	90b439e55c64f582027753bf77de2b2b2d71e0b308160d2605b5ac3c31bda3b8	True
01_developmental_trajectories	07B3_external_map_spatial_null_validation.py	04_scripts/07_developmental_trajectory/phase5D/07B3_external_map_spatial_null_validation.py	code/manuscript/01_developmental_trajectories/07B3_external_map_spatial_null_validation.py	0f8ab894b808deec470eee8bc017729170496ef6f8e0f5522c647ebf0b531b75	5bd0d2836f4befcf1d1f180fd85415c035393bb82ef955ea0d9242250e0875e9	True
01_developmental_trajectories	08_phase5_final_completion_manifest.py	04_scripts/07_developmental_trajectory/phase5D/08_phase5_final_completion_manifest.py	code/manuscript/01_developmental_trajectories/08_phase5_final_completion_manifest.py	2a641705e9eafbade99f0a35e524791dabd81da0fa9249ef4e52ae215b451eb2	b1e1be28dc12c4413e6ee61b1746fe0b7ec533b3feece63142c39fae5488123d	True
02_perturbational_evidence	01_phase6_resource_environment_audit.py	04_scripts/08_perturbational_validation/phase6A/01_phase6_resource_environment_audit.py	code/manuscript/02_perturbational_evidence/01_phase6_resource_environment_audit.py	089da8f70b6f6b4be22d67f8958648cb62d82362285a690e2be2d5332ed9ed55	e9109dbb1e3d3659a45a9e4bba2d9428b6c04e3128670232c72b2de855a5e9b0	True
02_perturbational_evidence	01_inventory_EPA_HTTr_figshare.py	04_scripts/08_perturbational_validation/phase6B/01_inventory_EPA_HTTr_figshare.py	code/manuscript/02_perturbational_evidence/01_inventory_EPA_HTTr_figshare.py	08d668e6eda8ee7e4fff79f957a22a0212935c415e304a1df01e5c95132e75fe	98b52a061588f1b04f3ccdedfde82610a95ed75a95d2125ce9d2650ba8624191	True
02_perturbational_evidence	02A_probe_EPA_clowder_folder_API.py	04_scripts/08_perturbational_validation/phase6B/02A_probe_EPA_clowder_folder_API.py	code/manuscript/02_perturbational_evidence/02A_probe_EPA_clowder_folder_API.py	cd792deb9b2ab83338a09adf31fed1fee562c78425e4eae6e1c781f2dc1a3093	7843223058c3596190d61e6fa25cb844f9a6288aab5abeea4009327904c1db5c	True
02_perturbational_evidence	02B_inspect_clowder_partial_responses.py	04_scripts/08_perturbational_validation/phase6B/02B_inspect_clowder_partial_responses.py	code/manuscript/02_perturbational_evidence/02B_inspect_clowder_partial_responses.py	263f94896f895f7b164713cf01465c83e120dba53265c4c9417d8c460ea3df19	17a595b86ca7c6f85ba803597376527af37f624e6fc4952ac6ed3aa9390746c4	True
02_perturbational_evidence	02C_download_filter_clowder_complete_manifest.py	04_scripts/08_perturbational_validation/phase6B/02C_download_filter_clowder_complete_manifest.py	code/manuscript/02_perturbational_evidence/02C_download_filter_clowder_complete_manifest.py	f15cdbca1327cf20ecc726bc96a16cdb12c4adfd49017b9e85f49f6162133598	fcb889335372ebc355ef03f03fa0994a72c25d7cb3b5a6b01198d44698b5e88b	True
02_perturbational_evidence	03_download_verify_EPA_HTTr_files.py	04_scripts/08_perturbational_validation/phase6B/03_download_verify_EPA_HTTr_files.py	code/manuscript/02_perturbational_evidence/03_download_verify_EPA_HTTr_files.py	d477a48ec77f8f5d204c406f1f3bdb4f0f5cedb584c39c0a03a08f86ed532367	05035d070dd5d74b69ab46c0df02a221ad87b90b5941b7988ac55f36da19dc03	True
02_perturbational_evidence	04A_inspect_EPA_HTTr_RData.R	04_scripts/08_perturbational_validation/phase6B/04A_inspect_EPA_HTTr_RData.R	code/manuscript/02_perturbational_evidence/04A_inspect_EPA_HTTr_RData.R	f68365af322cbf899f5845d22552eb38b92239336fe8638eaeacbad0872e3e9f	64062cf6f49a3eda93dd690be44806a1eb001cb23b46dccb69907aee62fc299f	True
02_perturbational_evidence	04B_inspect_EPA_HTTr_XLSX.py	04_scripts/08_perturbational_validation/phase6B/04B_inspect_EPA_HTTr_XLSX.py	code/manuscript/02_perturbational_evidence/04B_inspect_EPA_HTTr_XLSX.py	660df6035d2bd64090036b9d037af5bff023b1a12a1215bf45ace9364dc51361	3064aa943d4b16d54d7d37206c6fd3405d6f979b00afa92f647af59f0a020c70	True
02_perturbational_evidence	04C_audit_EPA_signature_library_program_overlap.R	04_scripts/08_perturbational_validation/phase6B/04C_audit_EPA_signature_library_program_overlap.R	code/manuscript/02_perturbational_evidence/04C_audit_EPA_signature_library_program_overlap.R	7936eaf685108f3a3384a1e1579730779adf8794f077ce5940ce80fa694c18aa	c90212e657360f469331934e200e41366f85840692b4867f1b517ed7ae2852c2	True
02_perturbational_evidence	04D_audit_signature_integrity_CMAP_pairs.R	04_scripts/08_perturbational_validation/phase6B/04D_audit_signature_integrity_CMAP_pairs.R	code/manuscript/02_perturbational_evidence/04D_audit_signature_integrity_CMAP_pairs.R	afb03277fa42a575570acb24ed5db73ecc4bdd4a4fc81a494e6f6c5023aca743	7fb02555cff9dfe946750c1dca458375a5cdcd564fd9d8d001cedf06e428e8e4	True
02_perturbational_evidence	01_score_signature_enrichment_CMAP_concordance.R	04_scripts/08_perturbational_validation/phase6C/01_score_signature_enrichment_CMAP_concordance.R	code/manuscript/02_perturbational_evidence/01_score_signature_enrichment_CMAP_concordance.R	43d9fa6bd6d10d636ff49e05e7e7acc8510d43764ced158615893a10519aea02	ed9b61ec1e918cc35af42d6e29b4eb89eca96490bf847ca2f321010ac0dd34b3	True
02_perturbational_evidence	02A_audit_CMAP_discoveries.py	04_scripts/08_perturbational_validation/phase6C/02A_audit_CMAP_discoveries.py	code/manuscript/02_perturbational_evidence/02A_audit_CMAP_discoveries.py	7bedd9560b1bea952458bc6a2fb42facb9ce23687582358c77e320e3207a2f03	07fc5eeccfafaea977eff01a3f6b31722d531e787464ce57665eae788b468bc1	True
02_perturbational_evidence	02B_frequency_matched_CMAP_empirical_null.R	04_scripts/08_perturbational_validation/phase6C/02B_frequency_matched_CMAP_empirical_null.R	code/manuscript/02_perturbational_evidence/02B_frequency_matched_CMAP_empirical_null.R	703ffd061bad40ca4f5b25703c1b0b911933214a05114a23c1c70d01571f2dee	2173b52ceecd21eb8c97bae86db35ddb439e63c9972a3b24505fbffd8901b9c8	True
02_perturbational_evidence	03A_aggregate_CMAP_by_chemical.py	04_scripts/08_perturbational_validation/phase6C/03A_aggregate_CMAP_by_chemical.py	code/manuscript/02_perturbational_evidence/03A_aggregate_CMAP_by_chemical.py	41460b09cd1dacef4ce2d05ff421a234314d756db7be90687c047fe9a2b3790f	0746f2f926b2ea3598b499a48703c63d49a86837c3176c47d1947c0053477592	True
02_perturbational_evidence	03B_audit_mechanism_panel_availability.py	04_scripts/08_perturbational_validation/phase6C/03B_audit_mechanism_panel_availability.py	code/manuscript/02_perturbational_evidence/03B_audit_mechanism_panel_availability.py	8a2ad4012961353c441abc2e94085b9b2c38f4308a330db5c0c767db3879d6e3	37a6536c0ae1ca63dfbe2646b6691c66424bcd4a98242f5467963074b8ab525a	True
02_perturbational_evidence	03C_freeze_corrected_mechanism_panel.R	04_scripts/08_perturbational_validation/phase6C/03C_freeze_corrected_mechanism_panel.R	code/manuscript/02_perturbational_evidence/03C_freeze_corrected_mechanism_panel.R	e1a1e4833268944c044a040b6298c8fd69e46ff3d77807bd223802efb730223e	7ba560f23414df9da70665d3faaa79f469c216ef039a4a5cabd78cd32a590334	True
02_perturbational_evidence	03D_score_CMAP_mechanism_decomposition.R	04_scripts/08_perturbational_validation/phase6C/03D_score_CMAP_mechanism_decomposition.R	code/manuscript/02_perturbational_evidence/03D_score_CMAP_mechanism_decomposition.R	89050a8fde4c02400c541b07049fb4bda5245ac3a33f97b0d39950200964ba45	bcb2a3d56863a01d7377085f0ec5b73fcbe87c77f2a2846188ea268a4bb78780	True
02_perturbational_evidence	03E_classify_maxT_CMAP_mechanisms.py	04_scripts/08_perturbational_validation/phase6C/03E_classify_maxT_CMAP_mechanisms.py	code/manuscript/02_perturbational_evidence/03E_classify_maxT_CMAP_mechanisms.py	edeeee78c6851cb20fdcff80fabfac0e1947c5f3a862589712a5a17dfe7277a9	a6004e6ac903ef9d2ca4221a9f0842dfc47598f96dd5c854b948cc36708401cc	True
02_perturbational_evidence	01_leave_program_out_mechanism_robustness.R	04_scripts/08_perturbational_validation/phase6D/01_leave_program_out_mechanism_robustness.R	code/manuscript/02_perturbational_evidence/01_leave_program_out_mechanism_robustness.R	773417ded62d4a7b6389a144ed203e1d483eeeb72aa3a61e6c31892774ccb712	57a1d6d0aef236bcc8b3c0efa3a38c7a76aae9d40eeacaaf193a19ca2f995326	True
02_perturbational_evidence	02_classify_robust_residual_mechanisms.py	04_scripts/08_perturbational_validation/phase6D/02_classify_robust_residual_mechanisms.py	code/manuscript/02_perturbational_evidence/02_classify_robust_residual_mechanisms.py	cfda2c3bf125286d55efa9a14d3e8a356cf1de5981397830dbc7769fba1f78f4	302c2e92561dafb7900c08410f0fd9f0e1ba1fd9a7d8e04bb431c53b3014de94	True
02_perturbational_evidence	03_finalize_CMAP_robustness_and_figure45.py	04_scripts/08_perturbational_validation/phase6D/03_finalize_CMAP_robustness_and_figure45.py	code/manuscript/02_perturbational_evidence/03_finalize_CMAP_robustness_and_figure45.py	8d0860959ceaddf2aeafdf85587d081c9a422524bee298f51177d621066b3e9d	ded0eda4f1fd80d24dfaa97c158a383278a74e7e3153c48b69a5b6b4493880c1	True
02_perturbational_evidence	01B_audit_LINCS_chemical_coverage.py	04_scripts/08_perturbational_validation/phase6E/01B_audit_LINCS_chemical_coverage.py	code/manuscript/02_perturbational_evidence/01B_audit_LINCS_chemical_coverage.py	7bb3e2af51bd9d5615e7625674df5a7a1519c608c553cf945a8d22390784630b	6a2304e3f6a7eb1d58638f4c12ec6e24dcb08daa008673c05a0a69fe871bc8f6	True
02_perturbational_evidence	01C_audit_aliases_perturbagens_and_gene_coverage.py	04_scripts/08_perturbational_validation/phase6E/01C_audit_aliases_perturbagens_and_gene_coverage.py	code/manuscript/02_perturbational_evidence/01C_audit_aliases_perturbagens_and_gene_coverage.py	30a87c004b525c098b9a2445ba2f2d619c1c968143fbb3d9a842d4669e08fd55	052197f0af09ece5fc71932dad3459249b0e4fd679a6b60b7bd9a08efc2a4cd1	True
02_perturbational_evidence	02B_validate_LINCS_Level5_GCTX.py	04_scripts/08_perturbational_validation/phase6E/02B_validate_LINCS_Level5_GCTX.py	code/manuscript/02_perturbational_evidence/02B_validate_LINCS_Level5_GCTX.py	9e41a775a4bc4b9783f6125746556efbc7489d1d82528c79d00c6bedf95fe029	e1398e1b8b43f1bb87391ac26a94400f3ab181348b23403c315c3b9556fa760e	True
02_perturbational_evidence	02C_extract_matched_Level5_profiles.py	04_scripts/08_perturbational_validation/phase6E/02C_extract_matched_Level5_profiles.py	code/manuscript/02_perturbational_evidence/02C_extract_matched_Level5_profiles.py	a326556284b27d5d77f4d877c1b046f66416aa343530e50ffb8c78bd60f51e63	0984249e04bd22797efb31dd35deefc7357a8120409351964a909e3b145f5772	True
02_perturbational_evidence	03A_score_quantitative_LINCS_profiles.py	04_scripts/08_perturbational_validation/phase6E/03A_score_quantitative_LINCS_profiles.py	code/manuscript/02_perturbational_evidence/03A_score_quantitative_LINCS_profiles.py	07e7144a47b2ba50137713da1a3d7e39a6484fc095d0a865e812f587e7f60a24	3cafb255c1305245c54472e01a6035f688292d55271db67b34c6775f33736368	True
02_perturbational_evidence	03B_stratified_empirical_null_calibration.py	04_scripts/08_perturbational_validation/phase6E/03B_stratified_empirical_null_calibration.py	code/manuscript/02_perturbational_evidence/03B_stratified_empirical_null_calibration.py	0774856558c39af5714bd10d754d9fd0d6be0db30fb87ff1abff907b9f6d1cca	a4e25740f6b58b5cf8a3f829081ed7f83e1591c0e99714decbab54b57266cc58	True
02_perturbational_evidence	03C_classify_empirical_LINCS_evidence.py	04_scripts/08_perturbational_validation/phase6E/03C_classify_empirical_LINCS_evidence.py	code/manuscript/02_perturbational_evidence/03C_classify_empirical_LINCS_evidence.py	890a51322a071f317069a2e9f465225fbdb5f170abafdb6d9b9c651931991b0b	ff12b5f49a6d982250485e5eebc1a4002ba1e9f9e53eb5dbb4a529bdd79616bf	True
02_perturbational_evidence	03D1_reconstruct_LINCS_gold_QC.py	04_scripts/08_perturbational_validation/phase6E/03D1_reconstruct_LINCS_gold_QC.py	code/manuscript/02_perturbational_evidence/03D1_reconstruct_LINCS_gold_QC.py	92d48a392f9d11609360894bc7a9be6d1dfabc2544e379f0c41d166e615dff8d	6e906e27858497e51ada344b3352023138c9918dcddaadb3fe14f0980b8f0f01	True
02_perturbational_evidence	03D3_replicate_concordant_sensitivity.py	04_scripts/08_perturbational_validation/phase6E/03D3_replicate_concordant_sensitivity.py	code/manuscript/02_perturbational_evidence/03D3_replicate_concordant_sensitivity.py	c47cc93ffb23db389d7d7974aee1265594100415a4bd7787068f420f678ba8f1	52af438179f1725742a9b2235913428889f5a11f1428cacfc54585f994ebfc61	True
02_perturbational_evidence	01_build_integrated_chemical_evidence_matrix.py	04_scripts/08_perturbational_validation/phase6F/01_build_integrated_chemical_evidence_matrix.py	code/manuscript/02_perturbational_evidence/01_build_integrated_chemical_evidence_matrix.py	9e34a98c2d48b1bea8f2948900290906476061d266a602a233e5887ec03c6bb7	c8d94f42ece7a02d850d8bcb657845783ecdc03e8bf0e14a00c76c7f7fd14564	True
02_perturbational_evidence	02_dual_chemical_ranking.py	04_scripts/08_perturbational_validation/phase6F/02_dual_chemical_ranking.py	code/manuscript/02_perturbational_evidence/02_dual_chemical_ranking.py	208adeea0bb9b5e34eb0bf1f0fee5162ee6b80f3b107945321f20dc56d576e10	f36b36f2085bb6f1fad50d8ca2e1e668cfbb6211b8407c0a7346c85ee5dd6d72	True
02_perturbational_evidence	03_final_biological_classification.py	04_scripts/08_perturbational_validation/phase6F/03_final_biological_classification.py	code/manuscript/02_perturbational_evidence/03_final_biological_classification.py	0338396ea778cd7ec2c9abe4f341a560e13b0a6b1276235fcfe5ea3429debe76	565ec505c4a4869fbb6f5b62c96affae4770ce0a9a09b568530f0b1a31322049	True
02_perturbational_evidence	04_ranking_robustness_sensitivity.py	04_scripts/08_perturbational_validation/phase6F/04_ranking_robustness_sensitivity.py	code/manuscript/02_perturbational_evidence/04_ranking_robustness_sensitivity.py	ab713be9412d6b742ac4b60972c29455fa5804993d15d88928349b02546a4f11	290ef6ea14e612689df95751e9c833d5085c54e9f44d49dc8cb87c51965b5ff6	True
02_perturbational_evidence	05_finalize_phase6_evidence_atlas.py	04_scripts/08_perturbational_validation/phase6F/05_finalize_phase6_evidence_atlas.py	code/manuscript/02_perturbational_evidence/05_finalize_phase6_evidence_atlas.py	b4141ea0eddc8b2d061e71fada729a62d2a4d43f80f7132391e2ca242ec608eb	4a2c6d41e0744baf879c8efec18f09f1be9dab124a1ecab508b6b3135aca2b3a	True
03_regulatory_atlas	01_integrate_final_phase7_regulatory_atlas.py	04_scripts/09_regulatory_mechanisms/phase7F/01_integrate_final_phase7_regulatory_atlas.py	code/manuscript/03_regulatory_atlas/01_integrate_final_phase7_regulatory_atlas.py	65ce2af6b165e3163934905a5e887116c4e284dd9d9806eb57af78da90a41d8c	0b93856ea3f0b444b1772ebc1fe6936053d1b289e4f4b5a431f011b02e17de39	True
03_regulatory_atlas	02_finalize_audit_archive_and_close_phase7.py	04_scripts/09_regulatory_mechanisms/phase7F/02_finalize_audit_archive_and_close_phase7.py	code/manuscript/03_regulatory_atlas/02_finalize_audit_archive_and_close_phase7.py	670d6a6fe0a8d8800733f08d5aa27323b94a637c4003b52bab40b52fa27550dd	26ba74b28ffd4a697826b26062ddd79d009c311a917b803b83ac8b7d1eabb8c6	True
04_cortical_correspondence	01_audit_cognitive_clinical_phenotype_resources.py	04_scripts/10_functional_imaging/phase8D/01_audit_cognitive_clinical_phenotype_resources.py	code/manuscript/04_cortical_correspondence/01_audit_cognitive_clinical_phenotype_resources.py	b12a32b9b9bb5dbe2afbbe253bbc18b28b273aef458ea177d0abd6141a153377	07aeb5d9e552205206e6f1c19ce2f50492518e089dfaffd0e2b3b61b0459b528	True
04_cortical_correspondence	02A2_finalize_corrected_resource_validation.py	04_scripts/10_functional_imaging/phase8D/02A2_finalize_corrected_resource_validation.py	code/manuscript/04_cortical_correspondence/02A2_finalize_corrected_resource_validation.py	4c7dc85776098eb4007126622a237faf6c15e9f82d3fc59d1ab211abce854eca	9095a3c3c5d481ca71c8f9f8c6a9a7617e1dc1e70375ccca5494e749880375f6	True
04_cortical_correspondence	02A_validate_imaging_environment_and_resources.py	04_scripts/10_functional_imaging/phase8D/02A_validate_imaging_environment_and_resources.py	code/manuscript/04_cortical_correspondence/02A_validate_imaging_environment_and_resources.py	61d0c4c7e5601e2c24dde19937fdda2d2d6db75a6730f484c17e0f11c907a7e8	6d56889e745d5085867f41016cfbf6a36feb59a5fb5c408f1377a83b4c139c85	True
04_cortical_correspondence	02B1_freeze_map_selections_and_audit_schemas.py	04_scripts/10_functional_imaging/phase8D/02B1_freeze_map_selections_and_audit_schemas.py	code/manuscript/04_cortical_correspondence/02B1_freeze_map_selections_and_audit_schemas.py	249938677b9c7a478c52f21f11bf74d3034de2763c849b328bc9de865b958cda	a0c098e28b7ae81854fc79ff52f180ad0673c4666dbd8ded21b6ea6eae8caed2	True
04_cortical_correspondence	02B2_generate_and_harmonize_maps.py	04_scripts/10_functional_imaging/phase8D/02B2_generate_and_harmonize_maps.py	code/manuscript/04_cortical_correspondence/02B2_generate_and_harmonize_maps.py	10b96a87178a8263df7e8e21d9d0d4f5dbc25fe4ef5fcbac4dbcb4dbf57bca01	969b21ba592eeb54859ec76ede634d3ca86d0628462b979b7eba0d41490fec07	True
04_cortical_correspondence	02B2_preflight_map_generation_contracts.py	04_scripts/10_functional_imaging/phase8D/02B2_preflight_map_generation_contracts.py	code/manuscript/04_cortical_correspondence/02B2_preflight_map_generation_contracts.py	a35fa4d551da0e62a47bc717e3196bcef048160d990d0a14ce7da176adfa9276	583cec4fec2cdc25f84c37a791be2e1ae90d82562e4ccf661cad283244de7eb0	True
04_cortical_correspondence	03C1_freeze_spatial_correspondence_plan.py	04_scripts/10_functional_imaging/phase8D/03C1_freeze_spatial_correspondence_plan.py	code/manuscript/04_cortical_correspondence/03C1_freeze_spatial_correspondence_plan.py	e44ead1e4427573694915975f6be40a7b5210569cc727355155277b1ebc1a67a	5723865ed2f58f9364c5877719c3c421171f613da49a9a44ed3a8e05e34ae5ea	True
04_cortical_correspondence	03C2A_run_spatial_correspondence.py	04_scripts/10_functional_imaging/phase8D/03C2A_run_spatial_correspondence.py	code/manuscript/04_cortical_correspondence/03C2A_run_spatial_correspondence.py	01a3754129cdf590ac5304d66279c339d7010c70dee6a91b4afd092617d49ffd	09ffe2c98b6cf2a7be1f69541dbc8bd004036bdb109fe11b3c2d712c7979ad1b	True
04_cortical_correspondence	03C2B_run_leave_one_donor_out.py	04_scripts/10_functional_imaging/phase8D/03C2B_run_leave_one_donor_out.py	code/manuscript/04_cortical_correspondence/03C2B_run_leave_one_donor_out.py	211bece33cd2117b55be40a1d4bb879aaa0b65b9a4e5275e06383142e0ab2d6e	2136d4374ecddf6402ccd03ec90cf879fdd43134127e17cfc7621268636f6aa2	True
04_cortical_correspondence	03C2C_run_bijective_spin_sensitivity.py	04_scripts/10_functional_imaging/phase8D/03C2C_run_bijective_spin_sensitivity.py	code/manuscript/04_cortical_correspondence/03C2C_run_bijective_spin_sensitivity.py	f0acc36b429beae1220103a873b5aa651e2029beef7b66b4966509d51a952fdf	f75940047b331d3b80b6996e1a5f8a85de682848ec0d09224de9bb736bd8503c	True
04_cortical_correspondence	03C3_synthesize_spatial_evidence.py	04_scripts/10_functional_imaging/phase8D/03C3_synthesize_spatial_evidence.py	code/manuscript/04_cortical_correspondence/03C3_synthesize_spatial_evidence.py	872750b59f3b10d7889512dcf48338e1bd8171a119c78402c09efb6c5e4333b5	3332d92ff4dfb8776fd74ca67f429933f5d576b6bd9c632e0cc9c54166ec4dee	True
04_cortical_correspondence	03C4B_revise_spatial_correspondence_figures.py	04_scripts/10_functional_imaging/phase8D/03C4B_revise_spatial_correspondence_figures.py	code/manuscript/04_cortical_correspondence/03C4B_revise_spatial_correspondence_figures.py	6e276c49e46b221d9b6abfeffa94ac061ebb11d69e36c70478fdf63151de2567	6e276c49e46b221d9b6abfeffa94ac061ebb11d69e36c70478fdf63151de2567	False
04_cortical_correspondence	03C4_generate_spatial_correspondence_figures.py	04_scripts/10_functional_imaging/phase8D/03C4_generate_spatial_correspondence_figures.py	code/manuscript/04_cortical_correspondence/03C4_generate_spatial_correspondence_figures.py	6108b7b9f41d18b517385e22c16b7a4e30f86d4192c5b1a1891000f4792898ba	6108b7b9f41d18b517385e22c16b7a4e30f86d4192c5b1a1891000f4792898ba	False
04_cortical_correspondence	03D3A_lock_phase8D2C_inputs.py	04_scripts/10_functional_imaging/phase8D/03D3A_lock_phase8D2C_inputs.py	code/manuscript/04_cortical_correspondence/03D3A_lock_phase8D2C_inputs.py	cfc9085bb2a2a6f13eb51eed19704cc84de662fac768692519e73d8f7c4a3035	cfc9085bb2a2a6f13eb51eed19704cc84de662fac768692519e73d8f7c4a3035	False
04_cortical_correspondence	03D3B_cross_modal_convergence_synthesis.py	04_scripts/10_functional_imaging/phase8D/03D3B_cross_modal_convergence_synthesis.py	code/manuscript/04_cortical_correspondence/03D3B_cross_modal_convergence_synthesis.py	8aaccd61ee6b9d0319f104c768b997af4f73f2f7dbadea4896c067341cd58f04	8aaccd61ee6b9d0319f104c768b997af4f73f2f7dbadea4896c067341cd58f04	False
04_cortical_correspondence	03D3C_build_definitive_evidence_hierarchy.py	04_scripts/10_functional_imaging/phase8D/03D3C_build_definitive_evidence_hierarchy.py	code/manuscript/04_cortical_correspondence/03D3C_build_definitive_evidence_hierarchy.py	6b24e036a0cbf6a119cc80860bcf79790db9b5cc503e8d7a57869b99ef001319	6b24e036a0cbf6a119cc80860bcf79790db9b5cc503e8d7a57869b99ef001319	False
04_cortical_correspondence	03D3D_R1_revise_integrated_cross_modal_figure.py	04_scripts/10_functional_imaging/phase8D/03D3D_R1_revise_integrated_cross_modal_figure.py	code/manuscript/04_cortical_correspondence/03D3D_R1_revise_integrated_cross_modal_figure.py	4decd0ba59338bdc347f04395beb262bbb4b6c500d39701493f685333796afc4	4decd0ba59338bdc347f04395beb262bbb4b6c500d39701493f685333796afc4	False
04_cortical_correspondence	03D3D_R2_finalize_integrated_cross_modal_figure.py	04_scripts/10_functional_imaging/phase8D/03D3D_R2_finalize_integrated_cross_modal_figure.py	code/manuscript/04_cortical_correspondence/03D3D_R2_finalize_integrated_cross_modal_figure.py	0a0081807028255e85e9981f1ffd2099750e26dd2a0a996caba581c374678e38	0a0081807028255e85e9981f1ffd2099750e26dd2a0a996caba581c374678e38	False
04_cortical_correspondence	03D3D_generate_integrated_cross_modal_figure.py	04_scripts/10_functional_imaging/phase8D/03D3D_generate_integrated_cross_modal_figure.py	code/manuscript/04_cortical_correspondence/03D3D_generate_integrated_cross_modal_figure.py	fe8da3903bcfc145fb7a1bc4c5df1616083367037c112cb47ade35537ab6d085	fe8da3903bcfc145fb7a1bc4c5df1616083367037c112cb47ade35537ab6d085	False
04_cortical_correspondence	03D3E_close_phase8D3_canonical_outputs.py	04_scripts/10_functional_imaging/phase8D/03D3E_close_phase8D3_canonical_outputs.py	code/manuscript/04_cortical_correspondence/03D3E_close_phase8D3_canonical_outputs.py	7563ec2254d06b21d9c1b563f12b71533dee859aee955c3e14844f18d78c54fd	7563ec2254d06b21d9c1b563f12b71533dee859aee955c3e14844f18d78c54fd	False
05_prospective_spatial_validation	10_phase10B4_P0_object_structure_audit.R	04_scripts/14_validation_package/10_phase10B4_P0_object_structure_audit.R	code/manuscript/05_prospective_spatial_validation/10_phase10B4_P0_object_structure_audit.R	c5e06d815803fa958d69098fcdf90a108956604e79bd3911ba55d28ac769bfdc	c9c99ff423ddd1b8bd52877c537eacee82014674e4780046a2fb6ff7fc64ea97	True
05_prospective_spatial_validation	10_phase10B4_P0_preflight.py	04_scripts/14_validation_package/10_phase10B4_P0_preflight.py	code/manuscript/05_prospective_spatial_validation/10_phase10B4_P0_preflight.py	80feb8acbdb1bd92d40c5847b8d111741d0ac583b7033c669b48431433298e80	24c713a5a66e9d6789e25723f723d9c9ec6da21278f01bf8463f756dc132bf86	True
05_prospective_spatial_validation	11_phase10B4_P1_feature_coverage.R	04_scripts/14_validation_package/11_phase10B4_P1_feature_coverage.R	code/manuscript/05_prospective_spatial_validation/11_phase10B4_P1_feature_coverage.R	768e939ade1e58bbf7f3e5680ac6682eeaf1b25f905c343754470f634f79809e	768e939ade1e58bbf7f3e5680ac6682eeaf1b25f905c343754470f634f79809e	False
05_prospective_spatial_validation	11_phase10B4_P1_finalize.py	04_scripts/14_validation_package/11_phase10B4_P1_finalize.py	code/manuscript/05_prospective_spatial_validation/11_phase10B4_P1_finalize.py	2e7ee55c5b974319c4ac82d98aed8d9c6f73f1ce0e56015f9cbfde06874182f4	2e7ee55c5b974319c4ac82d98aed8d9c6f73f1ce0e56015f9cbfde06874182f4	False
05_prospective_spatial_validation	11_phase10B4_P1_module_lock_and_remote_triage.py	04_scripts/14_validation_package/11_phase10B4_P1_module_lock_and_remote_triage.py	code/manuscript/05_prospective_spatial_validation/11_phase10B4_P1_module_lock_and_remote_triage.py	a21af9fb8784220db2f5403b447499a9a3643dd47075f4db2f4e94cff9322404	a21af9fb8784220db2f5403b447499a9a3643dd47075f4db2f4e94cff9322404	False
05_prospective_spatial_validation	12_phase10B4_A1_GW20_module_scoring.R	04_scripts/14_validation_package/12_phase10B4_A1_GW20_module_scoring.R	code/manuscript/05_prospective_spatial_validation/12_phase10B4_A1_GW20_module_scoring.R	604550dca29ddbcddff2ffdf378dc1abef269b049f7433dc3f9b72311007b8f3	604550dca29ddbcddff2ffdf378dc1abef269b049f7433dc3f9b72311007b8f3	False
05_prospective_spatial_validation	13_phase10B4_A2_robust_descriptive_and_block_design.R	04_scripts/14_validation_package/13_phase10B4_A2_robust_descriptive_and_block_design.R	code/manuscript/05_prospective_spatial_validation/13_phase10B4_A2_robust_descriptive_and_block_design.R	b2d0257ca7f28530e68db2287b77390c132edf03bafe1217dcb6dc3c1f1e3008	b2d0257ca7f28530e68db2287b77390c132edf03bafe1217dcb6dc3c1f1e3008	False
05_prospective_spatial_validation	14_phase10B4_A2_R1_fixed_width_block_resolution.py	04_scripts/14_validation_package/14_phase10B4_A2_R1_fixed_width_block_resolution.py	code/manuscript/05_prospective_spatial_validation/14_phase10B4_A2_R1_fixed_width_block_resolution.py	8872aa65b878ef8cb28cc83931b25c6c0edcacef926bb80bf5b71e239b3c455c	8872aa65b878ef8cb28cc83931b25c6c0edcacef926bb80bf5b71e239b3c455c	False
05_prospective_spatial_validation	15_phase10B4_A3_section_specific_block_permutation.py	04_scripts/14_validation_package/15_phase10B4_A3_section_specific_block_permutation.py	code/manuscript/05_prospective_spatial_validation/15_phase10B4_A3_section_specific_block_permutation.py	e0af0364a23eff078eb90485a64e5fb930916a9d7e43f87f242bc664ad1cad83	e0af0364a23eff078eb90485a64e5fb930916a9d7e43f87f242bc664ad1cad83	False
05_prospective_spatial_validation	16_phase10B4_A4_geometry_robustness.py	04_scripts/14_validation_package/16_phase10B4_A4_geometry_robustness.py	code/manuscript/05_prospective_spatial_validation/16_phase10B4_A4_geometry_robustness.py	64e75f21b678c11dd518a7ec3b24c7f3413af718a097e00b22ba84654f56d659	64e75f21b678c11dd518a7ec3b24c7f3413af718a097e00b22ba84654f56d659	False
05_prospective_spatial_validation	17_phase10B4_A5_cross_modal_synthesis.py	04_scripts/14_validation_package/17_phase10B4_A5_cross_modal_synthesis.py	code/manuscript/05_prospective_spatial_validation/17_phase10B4_A5_cross_modal_synthesis.py	e3f49dccfefb639af4df0215929c2e0b949fa47b3baab12d126550e2260913de	e3f49dccfefb639af4df0215929c2e0b949fa47b3baab12d126550e2260913de	False
05_prospective_spatial_validation	18_phase10B5_P1_MERFISH_remote_inventory.py	04_scripts/14_validation_package/18_phase10B5_P1_MERFISH_remote_inventory.py	code/manuscript/05_prospective_spatial_validation/18_phase10B5_P1_MERFISH_remote_inventory.py	f8fc0acb53a65d30f6d22f4832d1c270d8ba197083505c8c4a75ce75c1e15f41	f8fc0acb53a65d30f6d22f4832d1c270d8ba197083505c8c4a75ce75c1e15f41	False
05_prospective_spatial_validation	19_phase10B5_P1_R1_remote_ZIP_member_inventory.py	04_scripts/14_validation_package/19_phase10B5_P1_R1_remote_ZIP_member_inventory.py	code/manuscript/05_prospective_spatial_validation/19_phase10B5_P1_R1_remote_ZIP_member_inventory.py	fcba11d5a75a9cd7dd8c935c4a7b1ab8cff444851d2a3cf4d947368278ffa948	fcba11d5a75a9cd7dd8c935c4a7b1ab8cff444851d2a3cf4d947368278ffa948	False
05_prospective_spatial_validation	20_phase10B5_P2_MERFISH_member_role_resolution.py	04_scripts/14_validation_package/20_phase10B5_P2_MERFISH_member_role_resolution.py	code/manuscript/05_prospective_spatial_validation/20_phase10B5_P2_MERFISH_member_role_resolution.py	2429116308a60e5221a17143d71023433dae0f24893e67f49d4d3490e2abcb9c	2429116308a60e5221a17143d71023433dae0f24893e67f49d4d3490e2abcb9c	False
05_prospective_spatial_validation	21_phase10B5_P3_remote_header_and_metadata_prefix_audit.py	04_scripts/14_validation_package/21_phase10B5_P3_remote_header_and_metadata_prefix_audit.py	code/manuscript/05_prospective_spatial_validation/21_phase10B5_P3_remote_header_and_metadata_prefix_audit.py	2f3b127221eed5c86fbbd579b32635a716c1a8c0312b36161030843aec41bf8c	2f3b127221eed5c86fbbd579b32635a716c1a8c0312b36161030843aec41bf8c	False
05_prospective_spatial_validation	22_phase10B5_P3_R1_corrected_panel_and_sample_lock.py	04_scripts/14_validation_package/22_phase10B5_P3_R1_corrected_panel_and_sample_lock.py	code/manuscript/05_prospective_spatial_validation/22_phase10B5_P3_R1_corrected_panel_and_sample_lock.py	1f942bb1671267d4bb1dd189ca9d33ccf6a9d1027a03515ec50d784aecf54563	1f942bb1671267d4bb1dd189ca9d33ccf6a9d1027a03515ec50d784aecf54563	False
05_prospective_spatial_validation	23_phase10B5_P3_R2_donor_balanced_fetal_design.py	04_scripts/14_validation_package/23_phase10B5_P3_R2_donor_balanced_fetal_design.py	code/manuscript/05_prospective_spatial_validation/23_phase10B5_P3_R2_donor_balanced_fetal_design.py	614a4dfa221b8781fb6b29cdcc7e4f6cce9f3cf6abb74146b9e88cb9c9076fe0	614a4dfa221b8781fb6b29cdcc7e4f6cce9f3cf6abb74146b9e88cb9c9076fe0	False
05_prospective_spatial_validation	24_phase10B5_P4A_selected_archive_schema_and_streaming_preflight.py	04_scripts/14_validation_package/24_phase10B5_P4A_selected_archive_schema_and_streaming_preflight.py	code/manuscript/05_prospective_spatial_validation/24_phase10B5_P4A_selected_archive_schema_and_streaming_preflight.py	a44fff0b9ce5637f8013c11fc1291eb5e9dceba1e073b567c64fa2d6ecc60da2	a44fff0b9ce5637f8013c11fc1291eb5e9dceba1e073b567c64fa2d6ecc60da2	False
05_prospective_spatial_validation	25_phase10B5_P4A_R1_processed_H5AD_source_preflight.py	04_scripts/14_validation_package/25_phase10B5_P4A_R1_processed_H5AD_source_preflight.py	code/manuscript/05_prospective_spatial_validation/25_phase10B5_P4A_R1_processed_H5AD_source_preflight.py	508b0f65b66ea80cf2da0d7a447afcd35e63ca890f0f2fe666c53a4481738261	508b0f65b66ea80cf2da0d7a447afcd35e63ca890f0f2fe666c53a4481738261	False
05_prospective_spatial_validation	26_phase10B5_P4A_R2_H5AD_URL_repair.py	04_scripts/14_validation_package/26_phase10B5_P4A_R2_H5AD_URL_repair.py	code/manuscript/05_prospective_spatial_validation/26_phase10B5_P4A_R2_H5AD_URL_repair.py	7fa93f7ed2d46cb761d5c25ea8ac11bee2bcca6bd93945a5179bffba1a3c4493	7fa93f7ed2d46cb761d5c25ea8ac11bee2bcca6bd93945a5179bffba1a3c4493	False
05_prospective_spatial_validation	27_phase10B5_P4B_resumable_verified_H5AD_download.py	04_scripts/14_validation_package/27_phase10B5_P4B_resumable_verified_H5AD_download.py	code/manuscript/05_prospective_spatial_validation/27_phase10B5_P4B_resumable_verified_H5AD_download.py	01ec538f349849104c5914c8eef300c9f3e758d3b69f80d2255160111542c60c	01ec538f349849104c5914c8eef300c9f3e758d3b69f80d2255160111542c60c	False
05_prospective_spatial_validation	28_phase10B5_P4C_metadata_only_H5AD_schema_audit.py	04_scripts/14_validation_package/28_phase10B5_P4C_metadata_only_H5AD_schema_audit.py	code/manuscript/05_prospective_spatial_validation/28_phase10B5_P4C_metadata_only_H5AD_schema_audit.py	c43f12d84d913ce079fb1fe178c5d426b9b4c935441b53adcc58040e9793a275	c43f12d84d913ce079fb1fe178c5d426b9b4c935441b53adcc58040e9793a275	False
05_prospective_spatial_validation	29_phase10B5_P4C_R1_exact_obs_mapping_and_annotation_lock.py	04_scripts/14_validation_package/29_phase10B5_P4C_R1_exact_obs_mapping_and_annotation_lock.py	code/manuscript/05_prospective_spatial_validation/29_phase10B5_P4C_R1_exact_obs_mapping_and_annotation_lock.py	233aff54335a43f20eec5772fa3fffae8c41b8b9bcba84039f90580f93758c7e	233aff54335a43f20eec5772fa3fffae8c41b8b9bcba84039f90580f93758c7e	False
05_prospective_spatial_validation	30_phase10B5_P4D_expression_source_and_normalization_audit.py	04_scripts/14_validation_package/30_phase10B5_P4D_expression_source_and_normalization_audit.py	code/manuscript/05_prospective_spatial_validation/30_phase10B5_P4D_expression_source_and_normalization_audit.py	4d99843b616f10015dc49e9031fecf5471c9be7013584e0084b36ced03d4d00c	4d99843b616f10015dc49e9031fecf5471c9be7013584e0084b36ced03d4d00c	False
05_prospective_spatial_validation	31_phase10B5_P4D_R1_expression_source_and_harmonized_scoring_lock.py	04_scripts/14_validation_package/31_phase10B5_P4D_R1_expression_source_and_harmonized_scoring_lock.py	code/manuscript/05_prospective_spatial_validation/31_phase10B5_P4D_R1_expression_source_and_harmonized_scoring_lock.py	8f1fd7049e892b8593d80efbae15f9af9afecf1f9f4bb75f8a691cac43bd27ff	8f1fd7049e892b8593d80efbae15f9af9afecf1f9f4bb75f8a691cac43bd27ff	False
05_prospective_spatial_validation	32_phase10B5_P4D_R2_non_degenerate_scoring_estimand_lock.py	04_scripts/14_validation_package/32_phase10B5_P4D_R2_non_degenerate_scoring_estimand_lock.py	code/manuscript/05_prospective_spatial_validation/32_phase10B5_P4D_R2_non_degenerate_scoring_estimand_lock.py	382b5413e10f57a8cdf86e0ba926e6e57667420f6cf59c2f413e8e950d6dfebe	382b5413e10f57a8cdf86e0ba926e6e57667420f6cf59c2f413e8e950d6dfebe	False
05_prospective_spatial_validation	33_phase10B5_P4E1_chunked_section_pseudobulk_aggregation.py	04_scripts/14_validation_package/33_phase10B5_P4E1_chunked_section_pseudobulk_aggregation.py	code/manuscript/05_prospective_spatial_validation/33_phase10B5_P4E1_chunked_section_pseudobulk_aggregation.py	681b1728911be16ae7aad43e83399b0d106d4c3796c6f6ced7a599ce3b626ff9	681b1728911be16ae7aad43e83399b0d106d4c3796c6f6ced7a599ce3b626ff9	False
05_prospective_spatial_validation	34_phase10B5_P4E2_panel_aware_exact_temporal_analysis.py	04_scripts/14_validation_package/34_phase10B5_P4E2_panel_aware_exact_temporal_analysis.py	code/manuscript/05_prospective_spatial_validation/34_phase10B5_P4E2_panel_aware_exact_temporal_analysis.py	87209969753c3077ba67510cd1f914f6e9fcda93c524b4b376a37ab9823d1ccf	87209969753c3077ba67510cd1f914f6e9fcda93c524b4b376a37ab9823d1ccf	False
05_prospective_spatial_validation	35_phase10B5_P4E3_temporal_result_synthesis_and_claim_lock.py	04_scripts/14_validation_package/35_phase10B5_P4E3_temporal_result_synthesis_and_claim_lock.py	code/manuscript/05_prospective_spatial_validation/35_phase10B5_P4E3_temporal_result_synthesis_and_claim_lock.py	b6abb962911bc4ef1fa15f9ddf981d1ed3316d6dc1d498135c868d2795f17a23	b6abb962911bc4ef1fa15f9ddf981d1ed3316d6dc1d498135c868d2795f17a23	False
05_prospective_spatial_validation	36_phase10B5_P4F1_chunked_H1_H2_cell_localization_aggregation.py	04_scripts/14_validation_package/36_phase10B5_P4F1_chunked_H1_H2_cell_localization_aggregation.py	code/manuscript/05_prospective_spatial_validation/36_phase10B5_P4F1_chunked_H1_H2_cell_localization_aggregation.py	c483dc2926a34a790a73dffa0e4336b2edab00815ebb9e11e26b0ecdf2d1a2ab	c483dc2926a34a790a73dffa0e4336b2edab00815ebb9e11e26b0ecdf2d1a2ab	False
05_prospective_spatial_validation	37_phase10B5_P4F2_donor_balanced_cell_localization_synthesis.py	04_scripts/14_validation_package/37_phase10B5_P4F2_donor_balanced_cell_localization_synthesis.py	code/manuscript/05_prospective_spatial_validation/37_phase10B5_P4F2_donor_balanced_cell_localization_synthesis.py	d5ec796b97f7d986de2648b601e95d072c7a320d92502cbcfc41c8c86af3aa25	d5ec796b97f7d986de2648b601e95d072c7a320d92502cbcfc41c8c86af3aa25	False
05_prospective_spatial_validation	38_phase10B5_P4G1_spatial_coordinate_integrity_and_section_geometry_audit.py	04_scripts/14_validation_package/38_phase10B5_P4G1_spatial_coordinate_integrity_and_section_geometry_audit.py	code/manuscript/05_prospective_spatial_validation/38_phase10B5_P4G1_spatial_coordinate_integrity_and_section_geometry_audit.py	3a87346f7d1b91c1517ace99942f6995179da7f4b2a46c84cd41b4f6f3c15202	3a87346f7d1b91c1517ace99942f6995179da7f4b2a46c84cd41b4f6f3c15202	False
05_prospective_spatial_validation	39_phase10B5_P4G2_chunked_descriptive_module_spatial_mapping.py	04_scripts/14_validation_package/39_phase10B5_P4G2_chunked_descriptive_module_spatial_mapping.py	code/manuscript/05_prospective_spatial_validation/39_phase10B5_P4G2_chunked_descriptive_module_spatial_mapping.py	d735bbb444c239518d56a63db6a3a17d787f2640349f70a016c37e86481bb4d9	d735bbb444c239518d56a63db6a3a17d787f2640349f70a016c37e86481bb4d9	False
05_prospective_spatial_validation	40_phase10B5_P4G3_descriptive_spatial_figure_generation.py	04_scripts/14_validation_package/40_phase10B5_P4G3_descriptive_spatial_figure_generation.py	code/manuscript/05_prospective_spatial_validation/40_phase10B5_P4G3_descriptive_spatial_figure_generation.py	2650ef6286bc40b33f611388fc873f5a6867c87509caa473586f08d96efe831d	2650ef6286bc40b33f611388fc873f5a6867c87509caa473586f08d96efe831d	False
05_prospective_spatial_validation	41_phase10B5_P4H_integrated_spatial_validation_synthesis_and_closure.py	04_scripts/14_validation_package/41_phase10B5_P4H_integrated_spatial_validation_synthesis_and_closure.py	code/manuscript/05_prospective_spatial_validation/41_phase10B5_P4H_integrated_spatial_validation_synthesis_and_closure.py	3f89eeaa0b3846b7fc01772421e7fc66f654ec683bc08a34747e072099c10ec5	3f89eeaa0b3846b7fc01772421e7fc66f654ec683bc08a34747e072099c10ec5	False
05_prospective_spatial_validation	42_phase10B6_cross_platform_validation_synthesis_and_phase10B_closure.py	04_scripts/14_validation_package/42_phase10B6_cross_platform_validation_synthesis_and_phase10B_closure.py	code/manuscript/05_prospective_spatial_validation/42_phase10B6_cross_platform_validation_synthesis_and_phase10B_closure.py	4671b39fcacffb723a04563952a196842f1edded6933f25260e46b94c9b2643a	4671b39fcacffb723a04563952a196842f1edded6933f25260e46b94c9b2643a	False
05_prospective_spatial_validation	43_phase10B7_prospective_spatial_gate_reconciliation.py	04_scripts/14_validation_package/43_phase10B7_prospective_spatial_gate_reconciliation.py	code/manuscript/05_prospective_spatial_validation/43_phase10B7_prospective_spatial_gate_reconciliation.py	76ba5904fa214e4c66435d75066de1af6f935051d4f0a80ce0e36b1d84df0216	76ba5904fa214e4c66435d75066de1af6f935051d4f0a80ce0e36b1d84df0216	False
06_figure_generation	render_Figure_02_standalone.py	Publication_manuscript/Figure_corrections/Figure_02/render_Figure_02_standalone.py	code/manuscript/06_figure_generation/render_Figure_02_standalone.py	e32bb89d64629bbd4317309d1f84486e789673b5983b2fb468f63c594e3d7e74	4bb093708661eaa8969199a351128d345046b3b1b72383c6e1f63d5a329e377d	True
06_figure_generation	01_integrate_final_phase7_regulatory_atlas_Figure2_FINAL.py	Publication_manuscript/Figure_corrections/Figure_02/01_integrate_final_phase7_regulatory_atlas_Figure2_FINAL.py	code/manuscript/06_figure_generation/01_integrate_final_phase7_regulatory_atlas_Figure2_FINAL.py	4b047777c7364353cc93705107ed011964f5977d3692e98cd6753ae53627ed4f	e53c4f37a56fed90dbacc1150efe506b8a592f8e62451dd16d9d764caccf47f9	True
06_figure_generation	build_final_Figure3_collage.py	Publication_manuscript/Figure_corrections/Figure_03/individual_clean/build_final_Figure3_collage.py	code/manuscript/06_figure_generation/build_final_Figure3_collage.py	aed4d63964ef8911a88563770b00baa9bd18a03a239af484f532e950607353ba	f8524f7d154242459b50c867706ff9c605c2f67ffe2a9d7251815bf885683abe	True
06_figure_generation	rebuild_Figure03_flattened.py	Publication_manuscript/Figure_corrections/Figure_03/rebuild_Figure03_flattened.py	code/manuscript/06_figure_generation/rebuild_Figure03_flattened.py	9e560dca5171796cb59c792f603de44118668f8071f9790a34ef817c913b1150	ddb9f82b71b873a3d2e59d6b644551d4897767ac94c6f04f22bb76210ffc0349	True
06_figure_generation	recompose_Figure03_panels_A_to_J.py	Publication_manuscript/Figure_corrections/Figure_03/recompose_Figure03_panels_A_to_J.py	code/manuscript/06_figure_generation/recompose_Figure03_panels_A_to_J.py	2d2e0781d35082fa7ff00b6a52bc3a86a3192c9766f50b71a21743e986a63022	68ddf96074569fd61249d6789d3dac8a28b36037907f967e87eba965bc3195b7	True
